"Name","Start Date","End Date"
"Delivery App","03/12/2021","03/12/2030"
"Desktops and Notebooks (NDNA)","01/11/2022","31/10/2025"
"EPOS Hardware and Software Systems  CAT11054-TU","15/04/2021","14/04/2025"
"eProcurement System","16/09/2019","15/09/2024"
"IT Equipment Reuse Recycling and Disposal","15/01/2022","14/01/2025"
"Online Streaming and Training Services (ITS1035AP)","30/10/2020","29/10/2022"
"Printers and Managed Print Services (Nepa2)","01/03/2021","28/02/2025"
"Short Message Service (SMS) txt, Jisc","01/05/2022","30/04/2026"
"Software Licence Resellers (SLRA)","22/02/2021","21/02/2025"
"Student Accommodation, Conference/Event, Delivered Catering &amp; Hotel Management System(s) &amp; Associated Services","08/11/2022","07/11/2024"
"Telecommunications, Jisc","14/09/2023","13/09/2025"
"Telephony Purchasing Services, Jisc","02/12/2019","01/12/2024"
"Virtual Learning Environment (VLE) Systems and Associated Services","22/04/2021","15/06/2025"