"Name","Start Date","End Date"
"3D Printers, 3D Scanners and Associated Equipment","10/01/2022","09/01/2026"
"Electronic Components","01/07/2024","30/06/2026"
"High Value Lab Equipment (HVLE)","01/08/2023","31/07/2025"
"IUPC Lab Gases Framework Agreement - 2021","01/11/2021","31/10/2024"
"Laboratory Consumables &amp; Chemicals IRLA","02/08/2024","01/08/2027"
"Laboratory Equipment (General) and Associated Post Installation Services","15/06/2021","14/06/2024"
"Lasers and Associated Equipment, The Supply of","31/07/2023","30/07/2026"
"Life Sciences Equipment, Materials &amp; Services LAB2010 NE","11/04/2023","10/04/2026"
"Mass Spectrometry and Chromatography Equipment","01/10/2022","30/09/2025"
"Microscopy and Imaging Equipment","31/05/2022","30/05/2025"
"Veterinary Supplies","10/02/2024","09/02/2027"