"Name","Start Date","End Date"
"Carbon Offsetting and Validation Services","12/04/2023","11/04/2025"
"Debt Recovery Services","12/06/2023","11/06/2026"
"Executive and Senior Specialist Search and Associated Recruitment Services","30/06/2022","29/06/2025"
"Global Workforce Mobility Services","01/05/2021","30/04/2025"
"Graduation and Ceremonial Gowns, Photography and Event Services","03/01/2023","02/01/2025"
"Insurance Brokerage Services","01/09/2021","31/08/2026"
"Legal Services","04/06/2021","03/06/2025"
"National Education Recruitment Advertising and Resourcing Services (NERARS 2023)","08/03/2023","07/03/2027"
"Occupational Health Services PFB5072 LU","08/04/2024","07/04/2027"
"PFB2007 NE Credit Checking Services","30/09/2021","29/09/2025"
"Temporary and Permanent (TAP) Recruitment Services PFB4037SU","20/05/2019","30/09/2024"