Title,Title_URL,Agreement_ID,Start_Date,End_Date,Description
Artificial Intelligence (AI),https://www.crowncommercial.gov.uk/agreements/RM6200, Agreement ID: RM6200 , Start Date: 03/09/2020 , End Date: 04/11/2026 ,"Discovery and consultancy services related to artificial intelligence (AI), implementation and support of AI systems, end-to-end partnerships, and AI technologies.
"
Audio Visual Technical Consultancy & Commissioning,https://www.crowncommercial.gov.uk/agreements/RM6225, Agreement ID: RM6225 , Start Date: 01/03/2021 , End Date: 28/02/2025 ,"A Dynamic Purchasing System (DPS) for public sector customers who need complex audio visual (AV) services. Plus support services for rooms that use a range of AV technology.
"
Automation Marketplace DPS,https://www.crowncommercial.gov.uk/agreements/RM6173, Agreement ID: RM6173 , Start Date: 16/03/2020 , End Date: 15/11/2026 ,"Intelligent automation services and solutions, including automation technologies, services, consultancy and licences.
"
Back Office Software,https://www.crowncommercial.gov.uk/agreements/RM6194, Agreement ID: RM6194 , Start Date: 06/04/2021 , End Date: 05/04/2025 ,"Software as a Service (SaaS) solutions for back office applications, for deploying either in the cloud, on premise or hybrid. Available for all public sector organisations.
"
Big Data and Analytics,https://www.crowncommercial.gov.uk/agreements/RM6195, Agreement ID: RM6195 , Start Date: 09/08/2022 , End Date: 08/08/2026 ,"All public sector organisations can access both bespoke professional services and commercial ‘off the shelf’ software specific to data and analytics. 
"
Cloud Compute,https://www.crowncommercial.gov.uk/agreements/RM6111, Agreement ID: RM6111 , Start Date: 05/05/2021 ,,"All public sector organisations can use this agreement to fulfil their public cloud computing needs directly from cloud service providers.
"
Cloud Compute 2,https://www.crowncommercial.gov.uk/agreements/RM6292, Agreement ID: RM6292 , Start Date: 28/11/2023 , End Date: 27/11/2026 ,"All central government and wider public sector organisations can access cloud computing services. Includes Platform-as-a-Service (PaaS), Infrastructure-as-a-service (IaaS) and other additional ancillary services.
"
Corporate Software Solutions,https://www.crowncommercial.gov.uk/agreements/RM1042, Agreement ID: RM1042 , Start Date: 06/10/2014 ,,"Enterprise application software and related services.
"
Crown Hosting,https://www.crowncommercial.gov.uk/agreements/RM1069, Agreement ID: RM1069 , Start Date: 16/03/2015 ,,"Data centre colocation facilities for the public sector, delivering significant cost savings, operational efficiency and sustainability measures.
"
Crown Hosting II,https://www.crowncommercial.gov.uk/agreements/RM6262, Agreement ID: RM6262 , Start Date: 07/10/2022 , End Date: 06/10/2029 ,"Access secure, reliable and efficient specialist rooms (data halls) and buildings (data centres) which you can use to operate your server, network and security infrastructure (ICT) from. This data centre co-location is available to all UK public sector organisations.
"
Cyber Security Services 3,https://www.crowncommercial.gov.uk/agreements/RM3764.3, Agreement ID: RM3764.3 , Start Date: 14/02/2020 , End Date: 14/02/2027 ,"A flexible commercial agreement that offers an extensive range of cyber security services to help improve organisational cyber resilience and security posture.
 
"
Data and Application Solutions,https://www.crowncommercial.gov.uk/agreements/RM3821, Agreement ID: RM3821 , Start Date: 22/02/2019 ,,"Software-led office systems covering services for the public sector, including software licences, associated hardware, app-related consultancy services, software support and maintenance.
"
Digital & Legacy Application Services,https://www.crowncommercial.gov.uk/agreements/RM6335, Agreement ID: RM6335 , Start Date: 27/07/2023 , End Date: 26/07/2027 ,"Access suppliers who can provide IT digital and legacy application services (DALAS) and will support the roll out of future applications that are less dependent on legacy technologies.
"
Digital Capability for Health,https://www.crowncommercial.gov.uk/agreements/RM6221, Agreement ID: RM6221 , Start Date: 18/01/2021 , End Date: 17/01/2025 ,"Application development and management services for the public health and care sector
"
Digital Inclusion and Support DPS,https://www.crowncommercial.gov.uk/agreements/RM6209, Agreement ID: RM6209 , Start Date: 22/06/2020 ,,"A dynamic purchasing system (DPS) to help public sector organisations educate service users about using government services online and gaining digital skills.
"
Digital Outcomes & Specialists 2,https://www.crowncommercial.gov.uk/agreements/RM1043iv, Agreement ID: RM1043iv , Start Date: 27/01/2017 ,,"Buy, design, build and deliver digital outcomes (services, websites etc) using agile methods and teams.
"
Digital Outcomes & Specialists 3,https://www.crowncommercial.gov.uk/agreements/RM1043.5, Agreement ID: RM1043.5 , Start Date: 28/09/2018 ,,"For the digital transformation of public sector services; teams and individuals to build and support digital services; user research studios and participants.
"
Digital Outcomes & Specialists 4,https://www.crowncommercial.gov.uk/agreements/RM1043.6, Agreement ID: RM1043.6 , Start Date: 01/10/2019 ,,"For the digital transformation of public sector services.
 
"
Digital Outcomes & Specialists 5,https://www.crowncommercial.gov.uk/agreements/RM1043.7, Agreement ID: RM1043.7 , Start Date: 20/01/2021 ,,"Using teams or individuals to build and support the digital transformation of public services. 
"
Digital Outcomes 6,https://www.crowncommercial.gov.uk/agreements/RM1043.8, Agreement ID: RM1043.8 , Start Date: 28/06/2022 , End Date: 27/06/2025 ,"A route to market to access agile development and user-centred design services to accelerate innovation within the public sector.
"
Digital Specialists and Programmes,https://www.crowncommercial.gov.uk/agreements/RM6263, Agreement ID: RM6263 , Start Date: 08/03/2022 , End Date: 07/03/2025 ,"Individual Digital, Data and Technology (DDaT) specialist roles and end-to-end digital transformation programmes.
"
Digital Training and Support,https://www.crowncommercial.gov.uk/agreements/RM3765, Agreement ID: RM3765 , Start Date: 24/04/2016 ,,"Find a range of assisted digital and digital inclusion services to ensure public services meet the Digital Service Standard.
"
Digital and IT Professional Services (DIPS),https://www.crowncommercial.gov.uk/agreements/RM6249, Agreement ID: RM6249 , Start Date: 17/11/2023 , End Date: 16/11/2027 ,"Enables you to access professional service requirements and recruit digital and IT resource. Available for MOD customers only.
"
Education Technology,https://www.crowncommercial.gov.uk/agreements/RM6103, Agreement ID: RM6103 , Start Date: 10/06/2019 ,,"Educational establishments can buy ICT (Information and Communication Technologies) goods and technology services through one agreement.
"
G-Cloud 10,https://www.crowncommercial.gov.uk/agreements/RM1557.10, Agreement ID: RM1557.10 , Start Date: 02/07/2018 ,,"For use by the UK public sector to buy cloud computing services covering hosting, software and cloud support on a commodity based, pay-as-you go service.
"
G-Cloud 11,https://www.crowncommercial.gov.uk/agreements/RM1557.11, Agreement ID: RM1557.11 , Start Date: 02/07/2019 ,,"Cloud computing services covering hosting, software and cloud support on a commodity based, pay-as-you go service. For use by the UK public sector.
"
G-Cloud 12,https://www.crowncommercial.gov.uk/agreements/RM1557.12, Agreement ID: RM1557.12 , Start Date: 28/09/2020 ,,"Purchase cloud-based computing services such as hosting, software and cloud support, including many off-the-shelf, pay-as-you-go cloud solutions.
"
G-Cloud 13,https://www.crowncommercial.gov.uk/agreements/RM1557.13, Agreement ID: RM1557.13 , Start Date: 09/11/2022 , End Date: 08/11/2024 ,"An online catalogue where public sector customers can buy cloud-based computing services such as hosting, software and cloud support. Includes many off-the-shelf, pay-as-you-go cloud solutions.
"
G-Cloud 13 Lot 4,https://www.crowncommercial.gov.uk/agreements/RM1557.13L4, Agreement ID: RM1557.13L4 , Start Date: 05/12/2022 , End Date: 08/11/2024 ,"Public sector customers can access cloud support requirements through further competition from one or multiple categories. Includes services such as set up and migration, security services and performance testing.
"
Gigabit Capable Connectivity DPS,https://www.crowncommercial.gov.uk/agreements/RM6095, Agreement ID: RM6095 , Start Date: 24/09/2019 , End Date: 24/09/2025 ,"Offers fibre optic infrastructure services, such as broadband connectivity and infrastructure build that can be used by all UK public sector bodies.
 
"
HSCN Access Services DPS,https://www.crowncommercial.gov.uk/agreements/RM3825, Agreement ID: RM3825 , Start Date: 25/11/2017 , End Date: 23/05/2028 ,"Access to the Health and Social Care Network (HSCN) for data sharing. Including support for transition and implementation.
"
ICT Services for Education,https://www.crowncommercial.gov.uk/agreements/RM1050, Agreement ID: RM1050 , Start Date: 27/04/2015 ,,"Specialist technology services, hardware and infrastructure for public sector educational organisations.
"
Local Authority Software Applications,https://www.crowncommercial.gov.uk/agreements/RM1059, Agreement ID: RM1059 , Start Date: 05/08/2014 ,,"Business applications for local authorities, such as social care case management, housing management and revenue and benefit payment. Includes support services.
"
Managed Print and Digital Solutions,https://www.crowncommercial.gov.uk/agreements/RM3785, Agreement ID: RM3785 , Start Date: 28/12/2016 ,,"Managed print products and services, including pre-production services, such as photo-retouching, secure printing, scanning, direct mail, storage and distribution.
"
Managed eMail,https://www.crowncommercial.gov.uk/agreements/RM1085, Agreement ID: RM1085 , Start Date: 29/08/2014 ,,"Provides access to managed email services for public sector organisations.
"
Mobile Voice and Data Services,https://www.crowncommercial.gov.uk/agreements/RM6261, Agreement ID: RM6261 , Start Date: 13/12/2022 , End Date: 12/12/2026 ,"All UK public sector organisations can access mobile voice and data services. Includes optional and professional services.
"
"Multifunctional Devices (MFDs), Print and Digital Workflow Software Services and Managed Print Service Provision",https://www.crowncommercial.gov.uk/agreements/RM6174, Agreement ID: RM6174 , Start Date: 13/09/2021 , End Date: 12/09/2025 ,"Provides access to multifunctional devices, managed print services, technical resources, digital workflow, cloud solutions for digital transition and print consultancy services.
"
"Multifunctional Devices, Managed Print and Content Services and Records and Information Management",https://www.crowncommercial.gov.uk/agreements/RM3781, Agreement ID: RM3781 , Start Date: 26/10/2016 ,,"Multifunctional devices for printing, scanning and copying, managed print and records management services.
"
Network Services,https://www.crowncommercial.gov.uk/agreements/RM1045, Agreement ID: RM1045 , Start Date: 27/07/2015 ,,"Networks and telecommunications services, including the Public Services Network and the Health and Social Care Network.
"
Network Services 2,https://www.crowncommercial.gov.uk/agreements/RM3808, Agreement ID: RM3808 , Start Date: 12/08/2019 ,,"Telecommunications services including networks for the entire public sector, their associated bodies and agencies, the voluntary sector and charities.
 
"
Network Services 3,https://www.crowncommercial.gov.uk/agreements/RM6116, Agreement ID: RM6116 , Start Date: 23/05/2023 , End Date: 17/07/2025 ,"All UK public sector organisations can access network solutions, communication services, connectivity to cloud-based data and applications, audio and video conferencing, radio and satellite networking, and emerging technologies such as Internet of Things (IoT) and Smart Cities.
"
PSN Connectivity,https://www.crowncommercial.gov.uk/agreements/RM860, Agreement ID: RM860 , Start Date: 25/04/2012 ,,"Developed to address two principal needs, general network connectivity requirements and High-integrity managed network connectivity services.
"
PSN Core Services,https://www.crowncommercial.gov.uk/agreements/RM6167, Agreement ID: RM6167 , Start Date: 29/06/2020 , End Date: 31/01/2025 ,"Buy Domain Name System (DNS) services that allow government users of the Public Services Network to send electronic information securely.
"
PSN Services,https://www.crowncommercial.gov.uk/agreements/RM1498, Agreement ID: RM1498 , Start Date: 27/06/2012 ,,"Provides Public Services Network (PSN) customers with a range of network service options.
"
Print Management Services,https://www.crowncommercial.gov.uk/agreements/RM6170, Agreement ID: RM6170 , Start Date: 28/12/2020 , End Date: 27/12/2024 ,"Fully managed end to end print products and services, covering services such as bulk printing, direct mail and secure print.
"
Print Marketplace,https://www.crowncommercial.gov.uk/agreements/RM6071, Agreement ID: RM6071 , Start Date: 15/06/2020 , End Date: 15/12/2024 ,"A self-service platform for buying printed material all over the UK, including brochures, flyers, leaflets, business cards, letterheads and other transactional print.
 
"
Quality Assurance and Testing for IT Systems,https://www.crowncommercial.gov.uk/agreements/RM3810, Agreement ID: RM3810 , Start Date: 24/03/2017 ,,"Independent quality assurance testing (QAT), including testing environments, specialists, automation and services, such as consultancy.
"
Quality Assurance and Testing for IT Systems 2,https://www.crowncommercial.gov.uk/agreements/RM6148, Agreement ID: RM6148 , Start Date: 02/12/2019 , End Date: 01/07/2025 ,"Independent quality assurance testing (QAT), including testing environments, specialists, automation and services, such as consultancy.
"
"Records Information Management, Digital Solutions and Associated Services",https://www.crowncommercial.gov.uk/agreements/RM6175, Agreement ID: RM6175 , Start Date: 22/03/2021 , End Date: 21/03/2026 ,"Gives all public sector organisations access to storage, scanning, shredding and disposal services. Also provides support with NHS clinic preparation and transition to digital solutions through digital workflow and cloud.
"
Software Design and Implementation Services,https://www.crowncommercial.gov.uk/agreements/RM6193, Agreement ID: RM6193 , Start Date: 23/03/2021 , End Date: 22/03/2025 ,"Find the skills and services you need to deploy new cloud-based back office systems or upgrade legacy IT systems. Available to all central government departments, the wider public sector and third sector organisations.
"
Space-Enabled and Geospatial Services,https://www.crowncommercial.gov.uk/agreements/RM6235, Agreement ID: RM6235 , Start Date: 11/10/2021 , End Date: 10/10/2024 ,"A Dynamic Purchasing System (DPS) that will help to maximise public sector services and support the UK National Space Strategy and Geospatial strategy. This agreement has suppliers that can provide remote geospatial, locational, communication and sensing capabilities. Services available may include data, technology solutions and aerial and land-based platforms.
"
Spark DPS,https://www.crowncommercial.gov.uk/agreements/RM6094, Agreement ID: RM6094 , Start Date: 16/04/2019 , End Date: 15/04/2025 ,"Buy emerging technology products and services, including Internet of Things (IoT), AI and automation, simulated environments, wearables and new improvements in security.
"
Technology Online Purchasing Content,https://www.crowncommercial.gov.uk/agreements/RM6147, Agreement ID: RM6147 , Start Date: 19/11/2020 , End Date: 18/11/2024 ,"A dynamic catalogue for technology product needs (hardware and software).
"
Technology Products & Associated Services,https://www.crowncommercial.gov.uk/agreements/RM6068, Agreement ID: RM6068 , Start Date: 10/12/2019 , End Date: 31/12/2024 ,"This agreement expired on 9 December 2023 and has been replaced by RM6098 Technology Products and Associated Services 2.
Lot 4 extension until 31 December 2024
"
Technology Products & Associated Services 2,https://www.crowncommercial.gov.uk/agreements/RM6098, Agreement ID: RM6098 , Start Date: 10/10/2023 , End Date: 09/10/2027 ,"All UK public sector organisations can access technology hardware, software and services including end user devices, servers, storage, infrastructure devices, software licences and accessories. 
"
Technology Products 2,https://www.crowncommercial.gov.uk/agreements/RM3733, Agreement ID: RM3733 , Start Date: 31/10/2016 ,,"Technology Products 2 (TP2) offers public sector customers a flexible and compliant way to source all their technology product needs (hardware and software).
 
"
Technology Services,https://www.crowncommercial.gov.uk/agreements/RM1058, Agreement ID: RM1058 , Start Date: 27/05/2015 ,,"Provides a range of technology services to central government, local authorities and NHS trusts.
"
Technology Services 2,https://www.crowncommercial.gov.uk/agreements/RM3804, Agreement ID: RM3804 , Start Date: 06/09/2017 ,,"ICT services from strategy and service design through transition to operational deployment. This includes large project services up to top secret classification.
"
Technology Services 3,https://www.crowncommercial.gov.uk/agreements/RM6100, Agreement ID: RM6100 , Start Date: 16/06/2021 , End Date: 15/06/2025 ,"All public sector customers can buy technology services ranging from strategy and design to operational deployment.
"
Traffic Management Technology 2,https://www.crowncommercial.gov.uk/agreements/RM1089, Agreement ID: RM1089 , Start Date: 31/10/2016 ,,"Transport technology, including traffic signals and CCTV, parking and access control, street lighting, intelligent transport systems and professional services.
"
Transport Technology & Associated Services,https://www.crowncommercial.gov.uk/agreements/RM6099, Agreement ID: RM6099 , Start Date: 06/10/2021 , End Date: 05/10/2025 ,"Offers a wide range of transport technologies and services for the aviation, road, rail and maritime sectors.
"
Vehicle Charging Infrastructure Solutions (VCIS),https://www.crowncommercial.gov.uk/agreements/RM6213, Agreement ID: RM6213 , Start Date: 08/04/2020 , End Date: 07/04/2026 ,"Find a range of solutions to help develop the charging infrastructure for electric and hybrid vehicles with this dynamic purchasing system (DPS).
"
Vertical Application Solutions,https://www.crowncommercial.gov.uk/agreements/RM6259, Agreement ID: RM6259 , Start Date: 07/03/2023 , End Date: 06/03/2027 ,"Public sector customers can access software focused solutions to meet the specific needs of their industry, business application or services. Solutions include software licences, associated hardware, app-related consultancy services, software support and maintenance.
"
eSourcing Platform,https://www.crowncommercial.gov.uk/agreements/RM6101, Agreement ID: RM6101 , Start Date: 15/02/2019 ,,"Securely hosting online eSourcing procurement solutions. Available for central government and the wider public sector.
"
