Title,reference,Commodity,Lot,Notes,Start_Date,End_Date,Email,Guide,Suppliers
The Supply and Installation of Audio-Visual Equipment & Associated Services - Supply of Equipment and Consumables,AV1018 AP Lot 1,Audio-Visual & Multimedia Supplies and Services,Supply of Equipment and Consumables,"Call of Method: Direct award on a ranked basis, by conducting a mini-competition or by desktop calculator",18-Jan-23,17-Jan-25,lwatts@apuc-scot.ac.uk,https://apucscot.sharepoint.com/:f:/r/buyerguides/Shared%20Documents/AV1018%20AP%20-%20Audio-Visual%20Equipment%20%26%20Associated%20Services?csf=1&web=1&e=BuGeHd,Mediascape LtdStreamtec LimitedPure AV Ltd
"The Supply and Installation of Audio-Visual Equipment & Associated Services - Supply, Design, Installation and Maintenance",AV1018 AP Lot 2,Audio-Visual & Multimedia Supplies and Services,Supply of Equipment and Consumables,"Call of Method: Direct award on a ranked basis, by conducting a mini-competition or by desktop calculator",18-Jan-23,17-Jan-25,lwatts@apuc-scot.ac.uk,https://apucscot.sharepoint.com/:f:/r/buyerguides/Shared%20Documents/AV1018%20AP%20-%20Audio-Visual%20Equipment%20%26%20Associated%20Services?csf=1&web=1&e=BuGeHd,Mediascape LtdStreamtec LimitedPure AV Ltd
"Broadcasting Equipment and Integration Services - Audio, Vision and Lighting Equipment",AVI3145 NW Lot 01,Audio-Visual & Multimedia Supplies and Services,Supply of Equipment and Consumables,"Call of Method: Direct award on a ranked basis, by conducting a mini-competition or by desktop calculator",18-Jan-23,17-Jan-25,lwatts@apuc-scot.ac.uk,https://apucscot.sharepoint.com/:f:/r/buyerguides/Shared%20Documents/AV1018%20AP%20-%20Audio-Visual%20Equipment%20%26%20Associated%20Services?csf=1&web=1&e=BuGeHd,Mediascape LtdStreamtec LimitedPure AV Ltd
"Broadcasting Equipment and Integration Services - Audio, Vision and Lighting and Associated Services, Supply & Integration of",AVI3145 NW Lot 02,Audio-Visual & Multimedia Supplies and Services,Supply of Equipment and Consumables,"Call of Method: Direct award on a ranked basis, by conducting a mini-competition or by desktop calculator",18-Jan-23,17-Jan-25,lwatts@apuc-scot.ac.uk,https://apucscot.sharepoint.com/:f:/r/buyerguides/Shared%20Documents/AV1018%20AP%20-%20Audio-Visual%20Equipment%20%26%20Associated%20Services?csf=1&web=1&e=BuGeHd,Mediascape LtdStreamtec LimitedPure AV Ltd
Similarity Detection Systems and Associated Services,ITS1025 AP,Audio-Visual & Multimedia Supplies and Services,Supply of Equipment and Consumables,"Call of Method: Direct award on a ranked basis, by conducting a mini-competition or by desktop calculator",18-Jan-23,17-Jan-25,lwatts@apuc-scot.ac.uk,https://apucscot.sharepoint.com/:f:/r/buyerguides/Shared%20Documents/AV1018%20AP%20-%20Audio-Visual%20Equipment%20%26%20Associated%20Services?csf=1&web=1&e=BuGeHd,Mediascape LtdStreamtec LimitedPure AV Ltd
Library Management Systems & Associated Services (SCURL) - Library Management Systems & Associated Services,ITS1028 AP Lot 1,Audio-Visual & Multimedia Supplies and Services,Supply of Equipment and Consumables,"Call of Method: Direct award on a ranked basis, by conducting a mini-competition or by desktop calculator",18-Jan-23,17-Jan-25,lwatts@apuc-scot.ac.uk,https://apucscot.sharepoint.com/:f:/r/buyerguides/Shared%20Documents/AV1018%20AP%20-%20Audio-Visual%20Equipment%20%26%20Associated%20Services?csf=1&web=1&e=BuGeHd,Mediascape LtdStreamtec LimitedPure AV Ltd
Library Management Systems & Associated Services; Reading List Systems - Reading List Management Systems,ITS1028 AP Lot 2,Audio-Visual & Multimedia Supplies and Services,Supply of Equipment and Consumables,"Call of Method: Direct award on a ranked basis, by conducting a mini-competition or by desktop calculator",18-Jan-23,17-Jan-25,lwatts@apuc-scot.ac.uk,https://apucscot.sharepoint.com/:f:/r/buyerguides/Shared%20Documents/AV1018%20AP%20-%20Audio-Visual%20Equipment%20%26%20Associated%20Services?csf=1&web=1&e=BuGeHd,Mediascape LtdStreamtec LimitedPure AV Ltd
Online Streaming and Online Training Services - Academic Content,ITS1035 AP Lot 1,Audio-Visual & Multimedia Supplies and Services,Supply of Equipment and Consumables,"Call of Method: Direct award on a ranked basis, by conducting a mini-competition or by desktop calculator",18-Jan-23,17-Jan-25,lwatts@apuc-scot.ac.uk,https://apucscot.sharepoint.com/:f:/r/buyerguides/Shared%20Documents/AV1018%20AP%20-%20Audio-Visual%20Equipment%20%26%20Associated%20Services?csf=1&web=1&e=BuGeHd,Mediascape LtdStreamtec LimitedPure AV Ltd
Online Streaming and Online Training Services - Film Content,ITS1035 AP Lot 2,Audio-Visual & Multimedia Supplies and Services,Supply of Equipment and Consumables,"Call of Method: Direct award on a ranked basis, by conducting a mini-competition or by desktop calculator",18-Jan-23,17-Jan-25,lwatts@apuc-scot.ac.uk,https://apucscot.sharepoint.com/:f:/r/buyerguides/Shared%20Documents/AV1018%20AP%20-%20Audio-Visual%20Equipment%20%26%20Associated%20Services?csf=1&web=1&e=BuGeHd,Mediascape LtdStreamtec LimitedPure AV Ltd
Online Streaming and Online Training Services - Television Recordings,ITS1035 AP Lot 3,Audio-Visual & Multimedia Supplies and Services,Supply of Equipment and Consumables,"Call of Method: Direct award on a ranked basis, by conducting a mini-competition or by desktop calculator",18-Jan-23,17-Jan-25,lwatts@apuc-scot.ac.uk,https://apucscot.sharepoint.com/:f:/r/buyerguides/Shared%20Documents/AV1018%20AP%20-%20Audio-Visual%20Equipment%20%26%20Associated%20Services?csf=1&web=1&e=BuGeHd,Mediascape LtdStreamtec LimitedPure AV Ltd
Online Streaming and Online Training Services - Online Training Platform,ITS1035 AP Lot 4,Audio-Visual & Multimedia Supplies and Services,Supply of Equipment and Consumables,"Call of Method: Direct award on a ranked basis, by conducting a mini-competition or by desktop calculator",18-Jan-23,17-Jan-25,lwatts@apuc-scot.ac.uk,https://apucscot.sharepoint.com/:f:/r/buyerguides/Shared%20Documents/AV1018%20AP%20-%20Audio-Visual%20Equipment%20%26%20Associated%20Services?csf=1&web=1&e=BuGeHd,Mediascape LtdStreamtec LimitedPure AV Ltd
Pecos Integration Support,ITS1039 SP,Audio-Visual & Multimedia Supplies and Services,Supply of Equipment and Consumables,"Call of Method: Direct award on a ranked basis, by conducting a mini-competition or by desktop calculator",18-Jan-23,17-Jan-25,lwatts@apuc-scot.ac.uk,https://apucscot.sharepoint.com/:f:/r/buyerguides/Shared%20Documents/AV1018%20AP%20-%20Audio-Visual%20Equipment%20%26%20Associated%20Services?csf=1&web=1&e=BuGeHd,Mediascape LtdStreamtec LimitedPure AV Ltd
Virtual Learning Environment (VLE) and Associated Services - Proprietary VLE & Associated Services,ITS1040 AP Lot 1,Audio-Visual & Multimedia Supplies and Services,Supply of Equipment and Consumables,"Call of Method: Direct award on a ranked basis, by conducting a mini-competition or by desktop calculator",18-Jan-23,17-Jan-25,lwatts@apuc-scot.ac.uk,https://apucscot.sharepoint.com/:f:/r/buyerguides/Shared%20Documents/AV1018%20AP%20-%20Audio-Visual%20Equipment%20%26%20Associated%20Services?csf=1&web=1&e=BuGeHd,Mediascape LtdStreamtec LimitedPure AV Ltd
"Virtual Learning Environment (VLE) and Associated Services - Moodle VLE Development, Hosting and Support & Associated Services",ITS1040 AP Lot 2,Audio-Visual & Multimedia Supplies and Services,Supply of Equipment and Consumables,"Call of Method: Direct award on a ranked basis, by conducting a mini-competition or by desktop calculator",18-Jan-23,17-Jan-25,lwatts@apuc-scot.ac.uk,https://apucscot.sharepoint.com/:f:/r/buyerguides/Shared%20Documents/AV1018%20AP%20-%20Audio-Visual%20Equipment%20%26%20Associated%20Services?csf=1&web=1&e=BuGeHd,Mediascape LtdStreamtec LimitedPure AV Ltd
Student Information Management Systems and Associated Services - Higher Education Systems,ITS1050 AP Lot 1,Audio-Visual & Multimedia Supplies and Services,Supply of Equipment and Consumables,"Call of Method: Direct award on a ranked basis, by conducting a mini-competition or by desktop calculator",18-Jan-23,17-Jan-25,lwatts@apuc-scot.ac.uk,https://apucscot.sharepoint.com/:f:/r/buyerguides/Shared%20Documents/AV1018%20AP%20-%20Audio-Visual%20Equipment%20%26%20Associated%20Services?csf=1&web=1&e=BuGeHd,Mediascape LtdStreamtec LimitedPure AV Ltd
Student Information Management Systems and Associated Services - Further Education Systems,ITS1050 AP Lot 2,Audio-Visual & Multimedia Supplies and Services,Supply of Equipment and Consumables,"Call of Method: Direct award on a ranked basis, by conducting a mini-competition or by desktop calculator",18-Jan-23,17-Jan-25,lwatts@apuc-scot.ac.uk,https://apucscot.sharepoint.com/:f:/r/buyerguides/Shared%20Documents/AV1018%20AP%20-%20Audio-Visual%20Equipment%20%26%20Associated%20Services?csf=1&web=1&e=BuGeHd,Mediascape LtdStreamtec LimitedPure AV Ltd
"Student Accommodation, Conference/Event, Delivered Catering & Hotel Management System(s) & Associated Services - Student Accommodation Management System(s)",ITS1051 AP Lot 1,Audio-Visual & Multimedia Supplies and Services,Supply of Equipment and Consumables,"Call of Method: Direct award on a ranked basis, by conducting a mini-competition or by desktop calculator",18-Jan-23,17-Jan-25,lwatts@apuc-scot.ac.uk,https://apucscot.sharepoint.com/:f:/r/buyerguides/Shared%20Documents/AV1018%20AP%20-%20Audio-Visual%20Equipment%20%26%20Associated%20Services?csf=1&web=1&e=BuGeHd,Mediascape LtdStreamtec LimitedPure AV Ltd
"Student Accommodation, Conference/Event, Delivered Catering & Hotel Management System(s) & Associated Services - Conference/Event Management System(s)",ITS1051 AP Lot 2,Audio-Visual & Multimedia Supplies and Services,Supply of Equipment and Consumables,"Call of Method: Direct award on a ranked basis, by conducting a mini-competition or by desktop calculator",18-Jan-23,17-Jan-25,lwatts@apuc-scot.ac.uk,https://apucscot.sharepoint.com/:f:/r/buyerguides/Shared%20Documents/AV1018%20AP%20-%20Audio-Visual%20Equipment%20%26%20Associated%20Services?csf=1&web=1&e=BuGeHd,Mediascape LtdStreamtec LimitedPure AV Ltd
"Student Accommodation, Conference/Event, Delivered Catering & Hotel Management System(s) & Associated Services - Delivered Catering Management System(s)",ITS1051 AP Lot 3,Audio-Visual & Multimedia Supplies and Services,Supply of Equipment and Consumables,"Call of Method: Direct award on a ranked basis, by conducting a mini-competition or by desktop calculator",18-Jan-23,17-Jan-25,lwatts@apuc-scot.ac.uk,https://apucscot.sharepoint.com/:f:/r/buyerguides/Shared%20Documents/AV1018%20AP%20-%20Audio-Visual%20Equipment%20%26%20Associated%20Services?csf=1&web=1&e=BuGeHd,Mediascape LtdStreamtec LimitedPure AV Ltd
"Student Accommodation, Conference/Event, Delivered Catering & Hotel Management System(s) & Associated Services - Hotel Management System(s)",ITS1051 AP Lot 4,Audio-Visual & Multimedia Supplies and Services,Supply of Equipment and Consumables,"Call of Method: Direct award on a ranked basis, by conducting a mini-competition or by desktop calculator",18-Jan-23,17-Jan-25,lwatts@apuc-scot.ac.uk,https://apucscot.sharepoint.com/:f:/r/buyerguides/Shared%20Documents/AV1018%20AP%20-%20Audio-Visual%20Equipment%20%26%20Associated%20Services?csf=1&web=1&e=BuGeHd,Mediascape LtdStreamtec LimitedPure AV Ltd
"Student Accommodation, Conference/Event, Delivered Catering & Hotel Management System(s) & Associated Services - Multi-Functional System(s)",ITS1051 AP Lot 5,Audio-Visual & Multimedia Supplies and Services,Supply of Equipment and Consumables,"Call of Method: Direct award on a ranked basis, by conducting a mini-competition or by desktop calculator",18-Jan-23,17-Jan-25,lwatts@apuc-scot.ac.uk,https://apucscot.sharepoint.com/:f:/r/buyerguides/Shared%20Documents/AV1018%20AP%20-%20Audio-Visual%20Equipment%20%26%20Associated%20Services?csf=1&web=1&e=BuGeHd,Mediascape LtdStreamtec LimitedPure AV Ltd
Alumni & Fundraising CRM,ITS1054 AP,Audio-Visual & Multimedia Supplies and Services,Supply of Equipment and Consumables,"Call of Method: Direct award on a ranked basis, by conducting a mini-competition or by desktop calculator",18-Jan-23,17-Jan-25,lwatts@apuc-scot.ac.uk,https://apucscot.sharepoint.com/:f:/r/buyerguides/Shared%20Documents/AV1018%20AP%20-%20Audio-Visual%20Equipment%20%26%20Associated%20Services?csf=1&web=1&e=BuGeHd,Mediascape LtdStreamtec LimitedPure AV Ltd
"Finance, HR/Payroll Systems and Associated Services - HR/Payroll and Associated Services",ITS1056 AP Lot 1,Audio-Visual & Multimedia Supplies and Services,Supply of Equipment and Consumables,"Call of Method: Direct award on a ranked basis, by conducting a mini-competition or by desktop calculator",18-Jan-23,17-Jan-25,lwatts@apuc-scot.ac.uk,https://apucscot.sharepoint.com/:f:/r/buyerguides/Shared%20Documents/AV1018%20AP%20-%20Audio-Visual%20Equipment%20%26%20Associated%20Services?csf=1&web=1&e=BuGeHd,Mediascape LtdStreamtec LimitedPure AV Ltd
"Finance, HR/Payroll Systems and Associated Services - Finance Systems and Associated Services",ITS1056 AP Lot 2,Audio-Visual & Multimedia Supplies and Services,Supply of Equipment and Consumables,"Call of Method: Direct award on a ranked basis, by conducting a mini-competition or by desktop calculator",18-Jan-23,17-Jan-25,lwatts@apuc-scot.ac.uk,https://apucscot.sharepoint.com/:f:/r/buyerguides/Shared%20Documents/AV1018%20AP%20-%20Audio-Visual%20Equipment%20%26%20Associated%20Services?csf=1&web=1&e=BuGeHd,Mediascape LtdStreamtec LimitedPure AV Ltd
Engagement (Business to Business) CRM Systems,ITS1057 AP,Audio-Visual & Multimedia Supplies and Services,Supply of Equipment and Consumables,"Call of Method: Direct award on a ranked basis, by conducting a mini-competition or by desktop calculator",18-Jan-23,17-Jan-25,lwatts@apuc-scot.ac.uk,https://apucscot.sharepoint.com/:f:/r/buyerguides/Shared%20Documents/AV1018%20AP%20-%20Audio-Visual%20Equipment%20%26%20Associated%20Services?csf=1&web=1&e=BuGeHd,Mediascape LtdStreamtec LimitedPure AV Ltd
Printers and Managed Print Services (NEPA2) - Lot 1 Non-Managed Print Equipment,ITS2006 NE Lot 1,Audio-Visual & Multimedia Supplies and Services,Supply of Equipment and Consumables,"Call of Method: Direct award on a ranked basis, by conducting a mini-competition or by desktop calculator",18-Jan-23,17-Jan-25,lwatts@apuc-scot.ac.uk,https://apucscot.sharepoint.com/:f:/r/buyerguides/Shared%20Documents/AV1018%20AP%20-%20Audio-Visual%20Equipment%20%26%20Associated%20Services?csf=1&web=1&e=BuGeHd,Mediascape LtdStreamtec LimitedPure AV Ltd
Printers and Managed Print Services (NEPA2) - Lot 2 Supply of Managed Print Equipment and Services,ITS2006 NE Lot 2,Audio-Visual & Multimedia Supplies and Services,Supply of Equipment and Consumables,"Call of Method: Direct award on a ranked basis, by conducting a mini-competition or by desktop calculator",18-Jan-23,17-Jan-25,lwatts@apuc-scot.ac.uk,https://apucscot.sharepoint.com/:f:/r/buyerguides/Shared%20Documents/AV1018%20AP%20-%20Audio-Visual%20Equipment%20%26%20Associated%20Services?csf=1&web=1&e=BuGeHd,Mediascape LtdStreamtec LimitedPure AV Ltd
Printers and Managed Print Services (NEPA2) - Lot 3 Print Production Equipment and Services,ITS2006 NE Lot 3,Audio-Visual & Multimedia Supplies and Services,Supply of Equipment and Consumables,"Call of Method: Direct award on a ranked basis, by conducting a mini-competition or by desktop calculator",18-Jan-23,17-Jan-25,lwatts@apuc-scot.ac.uk,https://apucscot.sharepoint.com/:f:/r/buyerguides/Shared%20Documents/AV1018%20AP%20-%20Audio-Visual%20Equipment%20%26%20Associated%20Services?csf=1&web=1&e=BuGeHd,Mediascape LtdStreamtec LimitedPure AV Ltd
eMarketplace for Tail End Spend,ITS2007 NE,Audio-Visual & Multimedia Supplies and Services,Supply of Equipment and Consumables,"Call of Method: Direct award on a ranked basis, by conducting a mini-competition or by desktop calculator",18-Jan-23,17-Jan-25,lwatts@apuc-scot.ac.uk,https://apucscot.sharepoint.com/:f:/r/buyerguides/Shared%20Documents/AV1018%20AP%20-%20Audio-Visual%20Equipment%20%26%20Associated%20Services?csf=1&web=1&e=BuGeHd,Mediascape LtdStreamtec LimitedPure AV Ltd
"Networking - HE, Supply & Services  (HENSS2) - Equipment Only",ITS2008 NE Lot 1,Audio-Visual & Multimedia Supplies and Services,Supply of Equipment and Consumables,"Call of Method: Direct award on a ranked basis, by conducting a mini-competition or by desktop calculator",18-Jan-23,17-Jan-25,lwatts@apuc-scot.ac.uk,https://apucscot.sharepoint.com/:f:/r/buyerguides/Shared%20Documents/AV1018%20AP%20-%20Audio-Visual%20Equipment%20%26%20Associated%20Services?csf=1&web=1&e=BuGeHd,Mediascape LtdStreamtec LimitedPure AV Ltd
"Networking - HE, Supply & Services  (HENSS 2) - Networking Projects <£1m",ITS2008 NE Lot 2,Audio-Visual & Multimedia Supplies and Services,Supply of Equipment and Consumables,"Call of Method: Direct award on a ranked basis, by conducting a mini-competition or by desktop calculator",18-Jan-23,17-Jan-25,lwatts@apuc-scot.ac.uk,https://apucscot.sharepoint.com/:f:/r/buyerguides/Shared%20Documents/AV1018%20AP%20-%20Audio-Visual%20Equipment%20%26%20Associated%20Services?csf=1&web=1&e=BuGeHd,Mediascape LtdStreamtec LimitedPure AV Ltd
"Networking - HE, Supply & Services  (HENSS 2) - Networking Projects >£1m",ITS2008 NE Lot 3,Audio-Visual & Multimedia Supplies and Services,Supply of Equipment and Consumables,"Call of Method: Direct award on a ranked basis, by conducting a mini-competition or by desktop calculator",18-Jan-23,17-Jan-25,lwatts@apuc-scot.ac.uk,https://apucscot.sharepoint.com/:f:/r/buyerguides/Shared%20Documents/AV1018%20AP%20-%20Audio-Visual%20Equipment%20%26%20Associated%20Services?csf=1&web=1&e=BuGeHd,Mediascape LtdStreamtec LimitedPure AV Ltd
"Networking - HE, Supply & Services  (HENSS 2) - Networking Consultancy",ITS2008 NE Lot 4,Audio-Visual & Multimedia Supplies and Services,Supply of Equipment and Consumables,"Call of Method: Direct award on a ranked basis, by conducting a mini-competition or by desktop calculator",18-Jan-23,17-Jan-25,lwatts@apuc-scot.ac.uk,https://apucscot.sharepoint.com/:f:/r/buyerguides/Shared%20Documents/AV1018%20AP%20-%20Audio-Visual%20Equipment%20%26%20Associated%20Services?csf=1&web=1&e=BuGeHd,Mediascape LtdStreamtec LimitedPure AV Ltd
Data Centre Equipment & Infrastructure 2024,ITS2009 NE,Audio-Visual & Multimedia Supplies and Services,Supply of Equipment and Consumables,"Call of Method: Direct award on a ranked basis, by conducting a mini-competition or by desktop calculator",18-Jan-23,17-Jan-25,lwatts@apuc-scot.ac.uk,https://apucscot.sharepoint.com/:f:/r/buyerguides/Shared%20Documents/AV1018%20AP%20-%20Audio-Visual%20Equipment%20%26%20Associated%20Services?csf=1&web=1&e=BuGeHd,Mediascape LtdStreamtec LimitedPure AV Ltd
IT Related Accessories and Parts (ITRAP),ITS4041 SU,Audio-Visual & Multimedia Supplies and Services,Supply of Equipment and Consumables,"Call of Method: Direct award on a ranked basis, by conducting a mini-competition or by desktop calculator",18-Jan-23,17-Jan-25,lwatts@apuc-scot.ac.uk,https://apucscot.sharepoint.com/:f:/r/buyerguides/Shared%20Documents/AV1018%20AP%20-%20Audio-Visual%20Equipment%20%26%20Associated%20Services?csf=1&web=1&e=BuGeHd,Mediascape LtdStreamtec LimitedPure AV Ltd
Software Licence Resellers Agreement (SLRA) - SLRA Lot 1 Microsoft & Associated Services,ITS4042 SU Lot 1,Audio-Visual & Multimedia Supplies and Services,Supply of Equipment and Consumables,"Call of Method: Direct award on a ranked basis, by conducting a mini-competition or by desktop calculator",18-Jan-23,17-Jan-25,lwatts@apuc-scot.ac.uk,https://apucscot.sharepoint.com/:f:/r/buyerguides/Shared%20Documents/AV1018%20AP%20-%20Audio-Visual%20Equipment%20%26%20Associated%20Services?csf=1&web=1&e=BuGeHd,Mediascape LtdStreamtec LimitedPure AV Ltd
Software Licence Resellers Agreement (SLRA) - SLRA Lot 2 Adobe ETLA Agreements,ITS4042 SU Lot 2a,Audio-Visual & Multimedia Supplies and Services,Supply of Equipment and Consumables,"Call of Method: Direct award on a ranked basis, by conducting a mini-competition or by desktop calculator",18-Jan-23,17-Jan-25,lwatts@apuc-scot.ac.uk,https://apucscot.sharepoint.com/:f:/r/buyerguides/Shared%20Documents/AV1018%20AP%20-%20Audio-Visual%20Equipment%20%26%20Associated%20Services?csf=1&web=1&e=BuGeHd,Mediascape LtdStreamtec LimitedPure AV Ltd
Software Licence Resellers Agreement (SLRA) - SLRA Lot 2b Adobe VIP/CLP Agreements,ITS4042 SU Lot 2b,Audio-Visual & Multimedia Supplies and Services,Supply of Equipment and Consumables,"Call of Method: Direct award on a ranked basis, by conducting a mini-competition or by desktop calculator",18-Jan-23,17-Jan-25,lwatts@apuc-scot.ac.uk,https://apucscot.sharepoint.com/:f:/r/buyerguides/Shared%20Documents/AV1018%20AP%20-%20Audio-Visual%20Equipment%20%26%20Associated%20Services?csf=1&web=1&e=BuGeHd,Mediascape LtdStreamtec LimitedPure AV Ltd
Software Licence Resellers Agreement (SLRA) - SLRA Lot 3 VMWare,ITS4042 SU Lot 3,Audio-Visual & Multimedia Supplies and Services,Supply of Equipment and Consumables,"Call of Method: Direct award on a ranked basis, by conducting a mini-competition or by desktop calculator",18-Jan-23,17-Jan-25,lwatts@apuc-scot.ac.uk,https://apucscot.sharepoint.com/:f:/r/buyerguides/Shared%20Documents/AV1018%20AP%20-%20Audio-Visual%20Equipment%20%26%20Associated%20Services?csf=1&web=1&e=BuGeHd,Mediascape LtdStreamtec LimitedPure AV Ltd
Software Licence Resellers Agreement (SLRA) - SLRA Lot 4 Other Software,ITS4042 SU Lot 4,Audio-Visual & Multimedia Supplies and Services,Supply of Equipment and Consumables,"Call of Method: Direct award on a ranked basis, by conducting a mini-competition or by desktop calculator",18-Jan-23,17-Jan-25,lwatts@apuc-scot.ac.uk,https://apucscot.sharepoint.com/:f:/r/buyerguides/Shared%20Documents/AV1018%20AP%20-%20Audio-Visual%20Equipment%20%26%20Associated%20Services?csf=1&web=1&e=BuGeHd,Mediascape LtdStreamtec LimitedPure AV Ltd
Software Licence Resellers Agreement (SLRA) - SLRA Lot 5 Software Services,ITS4042 SU Lot 5,Audio-Visual & Multimedia Supplies and Services,Supply of Equipment and Consumables,"Call of Method: Direct award on a ranked basis, by conducting a mini-competition or by desktop calculator",18-Jan-23,17-Jan-25,lwatts@apuc-scot.ac.uk,https://apucscot.sharepoint.com/:f:/r/buyerguides/Shared%20Documents/AV1018%20AP%20-%20Audio-Visual%20Equipment%20%26%20Associated%20Services?csf=1&web=1&e=BuGeHd,Mediascape LtdStreamtec LimitedPure AV Ltd
"Servers, Storage and Solutions National Agreement (SSSNA) - Servers",ITS4043 SU Lot 1,Audio-Visual & Multimedia Supplies and Services,Supply of Equipment and Consumables,"Call of Method: Direct award on a ranked basis, by conducting a mini-competition or by desktop calculator",18-Jan-23,17-Jan-25,lwatts@apuc-scot.ac.uk,https://apucscot.sharepoint.com/:f:/r/buyerguides/Shared%20Documents/AV1018%20AP%20-%20Audio-Visual%20Equipment%20%26%20Associated%20Services?csf=1&web=1&e=BuGeHd,Mediascape LtdStreamtec LimitedPure AV Ltd
"Servers, Storage and Solutions National Agreement (SSSNA) - Storage",ITS4043 SU Lot 2,Audio-Visual & Multimedia Supplies and Services,Supply of Equipment and Consumables,"Call of Method: Direct award on a ranked basis, by conducting a mini-competition or by desktop calculator",18-Jan-23,17-Jan-25,lwatts@apuc-scot.ac.uk,https://apucscot.sharepoint.com/:f:/r/buyerguides/Shared%20Documents/AV1018%20AP%20-%20Audio-Visual%20Equipment%20%26%20Associated%20Services?csf=1&web=1&e=BuGeHd,Mediascape LtdStreamtec LimitedPure AV Ltd
"Servers, Storage and Solutions National Agreement (SSSNA) - Solutions - Converged, Hyper-Converged, Hybrid and Other solutions (excluding HPC and DIC)",ITS4043 SU Lot 3,Audio-Visual & Multimedia Supplies and Services,Supply of Equipment and Consumables,"Call of Method: Direct award on a ranked basis, by conducting a mini-competition or by desktop calculator",18-Jan-23,17-Jan-25,lwatts@apuc-scot.ac.uk,https://apucscot.sharepoint.com/:f:/r/buyerguides/Shared%20Documents/AV1018%20AP%20-%20Audio-Visual%20Equipment%20%26%20Associated%20Services?csf=1&web=1&e=BuGeHd,Mediascape LtdStreamtec LimitedPure AV Ltd
"Servers, Storage and Solutions National Agreement (SSSNA) - Solutions -  High Performance Computing (HPC) and Data Intensive Computing (DIC) Only",ITS4043 SU Lot 4,Audio-Visual & Multimedia Supplies and Services,Supply of Equipment and Consumables,"Call of Method: Direct award on a ranked basis, by conducting a mini-competition or by desktop calculator",18-Jan-23,17-Jan-25,lwatts@apuc-scot.ac.uk,https://apucscot.sharepoint.com/:f:/r/buyerguides/Shared%20Documents/AV1018%20AP%20-%20Audio-Visual%20Equipment%20%26%20Associated%20Services?csf=1&web=1&e=BuGeHd,Mediascape LtdStreamtec LimitedPure AV Ltd
"Servers, Storage and Solutions National Agreement (SSSNA) - Resellers Solutions",ITS4043 SU Lot 5,Audio-Visual & Multimedia Supplies and Services,Supply of Equipment and Consumables,"Call of Method: Direct award on a ranked basis, by conducting a mini-competition or by desktop calculator",18-Jan-23,17-Jan-25,lwatts@apuc-scot.ac.uk,https://apucscot.sharepoint.com/:f:/r/buyerguides/Shared%20Documents/AV1018%20AP%20-%20Audio-Visual%20Equipment%20%26%20Associated%20Services?csf=1&web=1&e=BuGeHd,Mediascape LtdStreamtec LimitedPure AV Ltd
"Network Equipment, Jisc - Arista equipment or equivalent",ITS5063 LU Lot 1,Audio-Visual & Multimedia Supplies and Services,Supply of Equipment and Consumables,"Call of Method: Direct award on a ranked basis, by conducting a mini-competition or by desktop calculator",18-Jan-23,17-Jan-25,lwatts@apuc-scot.ac.uk,https://apucscot.sharepoint.com/:f:/r/buyerguides/Shared%20Documents/AV1018%20AP%20-%20Audio-Visual%20Equipment%20%26%20Associated%20Services?csf=1&web=1&e=BuGeHd,Mediascape LtdStreamtec LimitedPure AV Ltd
"Network Equipment, Jisc - Cisco equipment or equivalent",ITS5063 LU Lot 3,Audio-Visual & Multimedia Supplies and Services,Supply of Equipment and Consumables,"Call of Method: Direct award on a ranked basis, by conducting a mini-competition or by desktop calculator",18-Jan-23,17-Jan-25,lwatts@apuc-scot.ac.uk,https://apucscot.sharepoint.com/:f:/r/buyerguides/Shared%20Documents/AV1018%20AP%20-%20Audio-Visual%20Equipment%20%26%20Associated%20Services?csf=1&web=1&e=BuGeHd,Mediascape LtdStreamtec LimitedPure AV Ltd
"Network Equipment, Jisc - Lot 4: Extreme equipment or equivalent",ITS5063 LU Lot 4,Audio-Visual & Multimedia Supplies and Services,Supply of Equipment and Consumables,"Call of Method: Direct award on a ranked basis, by conducting a mini-competition or by desktop calculator",18-Jan-23,17-Jan-25,lwatts@apuc-scot.ac.uk,https://apucscot.sharepoint.com/:f:/r/buyerguides/Shared%20Documents/AV1018%20AP%20-%20Audio-Visual%20Equipment%20%26%20Associated%20Services?csf=1&web=1&e=BuGeHd,Mediascape LtdStreamtec LimitedPure AV Ltd
"Network Equipment, Jisc - Lot 5: HPE equipment (including Aruba) or equivalent",ITS5063 LU Lot 5,Audio-Visual & Multimedia Supplies and Services,Supply of Equipment and Consumables,"Call of Method: Direct award on a ranked basis, by conducting a mini-competition or by desktop calculator",18-Jan-23,17-Jan-25,lwatts@apuc-scot.ac.uk,https://apucscot.sharepoint.com/:f:/r/buyerguides/Shared%20Documents/AV1018%20AP%20-%20Audio-Visual%20Equipment%20%26%20Associated%20Services?csf=1&web=1&e=BuGeHd,Mediascape LtdStreamtec LimitedPure AV Ltd
"Network Equipment, Jisc - Juniper equipment or equivalent",ITS5063 LU Lot 6,Audio-Visual & Multimedia Supplies and Services,Supply of Equipment and Consumables,"Call of Method: Direct award on a ranked basis, by conducting a mini-competition or by desktop calculator",18-Jan-23,17-Jan-25,lwatts@apuc-scot.ac.uk,https://apucscot.sharepoint.com/:f:/r/buyerguides/Shared%20Documents/AV1018%20AP%20-%20Audio-Visual%20Equipment%20%26%20Associated%20Services?csf=1&web=1&e=BuGeHd,Mediascape LtdStreamtec LimitedPure AV Ltd
"Network Equipment, Jisc - Palo Alto equipment or equivalent",ITS5063 LU Lot 7,Audio-Visual & Multimedia Supplies and Services,Supply of Equipment and Consumables,"Call of Method: Direct award on a ranked basis, by conducting a mini-competition or by desktop calculator",18-Jan-23,17-Jan-25,lwatts@apuc-scot.ac.uk,https://apucscot.sharepoint.com/:f:/r/buyerguides/Shared%20Documents/AV1018%20AP%20-%20Audio-Visual%20Equipment%20%26%20Associated%20Services?csf=1&web=1&e=BuGeHd,Mediascape LtdStreamtec LimitedPure AV Ltd
"Network Equipment, Jisc - Other network equipment",ITS5063 LU Lot 8,Audio-Visual & Multimedia Supplies and Services,Supply of Equipment and Consumables,"Call of Method: Direct award on a ranked basis, by conducting a mini-competition or by desktop calculator",18-Jan-23,17-Jan-25,lwatts@apuc-scot.ac.uk,https://apucscot.sharepoint.com/:f:/r/buyerguides/Shared%20Documents/AV1018%20AP%20-%20Audio-Visual%20Equipment%20%26%20Associated%20Services?csf=1&web=1&e=BuGeHd,Mediascape LtdStreamtec LimitedPure AV Ltd
"Telephony Purchasing Services, Jisc",ITS5064 LU,Audio-Visual & Multimedia Supplies and Services,Supply of Equipment and Consumables,"Call of Method: Direct award on a ranked basis, by conducting a mini-competition or by desktop calculator",18-Jan-23,17-Jan-25,lwatts@apuc-scot.ac.uk,https://apucscot.sharepoint.com/:f:/r/buyerguides/Shared%20Documents/AV1018%20AP%20-%20Audio-Visual%20Equipment%20%26%20Associated%20Services?csf=1&web=1&e=BuGeHd,Mediascape LtdStreamtec LimitedPure AV Ltd
Desktop & Notebook (NDNA) - Desktop and Workstation PCs,ITS5071 LU Lot 1,Audio-Visual & Multimedia Supplies and Services,Supply of Equipment and Consumables,"Call of Method: Direct award on a ranked basis, by conducting a mini-competition or by desktop calculator",18-Jan-23,17-Jan-25,lwatts@apuc-scot.ac.uk,https://apucscot.sharepoint.com/:f:/r/buyerguides/Shared%20Documents/AV1018%20AP%20-%20Audio-Visual%20Equipment%20%26%20Associated%20Services?csf=1&web=1&e=BuGeHd,Mediascape LtdStreamtec LimitedPure AV Ltd
"Desktop & Notebook (NDNA) - Notebook, Tablet, Hybrid and Mobile Workstation PCs",ITS5071 LU Lot 2,Audio-Visual & Multimedia Supplies and Services,Supply of Equipment and Consumables,"Call of Method: Direct award on a ranked basis, by conducting a mini-competition or by desktop calculator",18-Jan-23,17-Jan-25,lwatts@apuc-scot.ac.uk,https://apucscot.sharepoint.com/:f:/r/buyerguides/Shared%20Documents/AV1018%20AP%20-%20Audio-Visual%20Equipment%20%26%20Associated%20Services?csf=1&web=1&e=BuGeHd,Mediascape LtdStreamtec LimitedPure AV Ltd
Desktop & Notebook (NDNA) - Desktop and Notebook 'One Stop Shop',ITS5071 LU Lot 3,Audio-Visual & Multimedia Supplies and Services,Supply of Equipment and Consumables,"Call of Method: Direct award on a ranked basis, by conducting a mini-competition or by desktop calculator",18-Jan-23,17-Jan-25,lwatts@apuc-scot.ac.uk,https://apucscot.sharepoint.com/:f:/r/buyerguides/Shared%20Documents/AV1018%20AP%20-%20Audio-Visual%20Equipment%20%26%20Associated%20Services?csf=1&web=1&e=BuGeHd,Mediascape LtdStreamtec LimitedPure AV Ltd
Jisc Text Short Message Service (SMS),ITS5077 LU,Audio-Visual & Multimedia Supplies and Services,Supply of Equipment and Consumables,"Call of Method: Direct award on a ranked basis, by conducting a mini-competition or by desktop calculator",18-Jan-23,17-Jan-25,lwatts@apuc-scot.ac.uk,https://apucscot.sharepoint.com/:f:/r/buyerguides/Shared%20Documents/AV1018%20AP%20-%20Audio-Visual%20Equipment%20%26%20Associated%20Services?csf=1&web=1&e=BuGeHd,Mediascape LtdStreamtec LimitedPure AV Ltd
"Telecommunications Framework, Jisc - Managed transmission service",ITS5086 LU Lot 1,Audio-Visual & Multimedia Supplies and Services,Supply of Equipment and Consumables,"Call of Method: Direct award on a ranked basis, by conducting a mini-competition or by desktop calculator",18-Jan-23,17-Jan-25,lwatts@apuc-scot.ac.uk,https://apucscot.sharepoint.com/:f:/r/buyerguides/Shared%20Documents/AV1018%20AP%20-%20Audio-Visual%20Equipment%20%26%20Associated%20Services?csf=1&web=1&e=BuGeHd,Mediascape LtdStreamtec LimitedPure AV Ltd
"Telecommunications Framework, Jisc - Dark fibre",ITS5086 LU Lot 2,Audio-Visual & Multimedia Supplies and Services,Supply of Equipment and Consumables,"Call of Method: Direct award on a ranked basis, by conducting a mini-competition or by desktop calculator",18-Jan-23,17-Jan-25,lwatts@apuc-scot.ac.uk,https://apucscot.sharepoint.com/:f:/r/buyerguides/Shared%20Documents/AV1018%20AP%20-%20Audio-Visual%20Equipment%20%26%20Associated%20Services?csf=1&web=1&e=BuGeHd,Mediascape LtdStreamtec LimitedPure AV Ltd
Apple Equipment and Services Framework Agreement - National,ITS6004 HW,Audio-Visual & Multimedia Supplies and Services,Supply of Equipment and Consumables,"Call of Method: Direct award on a ranked basis, by conducting a mini-competition or by desktop calculator",18-Jan-23,17-Jan-25,lwatts@apuc-scot.ac.uk,https://apucscot.sharepoint.com/:f:/r/buyerguides/Shared%20Documents/AV1018%20AP%20-%20Audio-Visual%20Equipment%20%26%20Associated%20Services?csf=1&web=1&e=BuGeHd,Mediascape LtdStreamtec LimitedPure AV Ltd
Apple Equipment and Services Framework Agreement - Individual,ITS6004 HW IND,Audio-Visual & Multimedia Supplies and Services,Supply of Equipment and Consumables,"Call of Method: Direct award on a ranked basis, by conducting a mini-competition or by desktop calculator",18-Jan-23,17-Jan-25,lwatts@apuc-scot.ac.uk,https://apucscot.sharepoint.com/:f:/r/buyerguides/Shared%20Documents/AV1018%20AP%20-%20Audio-Visual%20Equipment%20%26%20Associated%20Services?csf=1&web=1&e=BuGeHd,Mediascape LtdStreamtec LimitedPure AV Ltd
"Office, Computer & Library Supplies - Office Supplies",OFF3068 NW Lot 01,Audio-Visual & Multimedia Supplies and Services,Supply of Equipment and Consumables,"Call of Method: Direct award on a ranked basis, by conducting a mini-competition or by desktop calculator",18-Jan-23,17-Jan-25,lwatts@apuc-scot.ac.uk,https://apucscot.sharepoint.com/:f:/r/buyerguides/Shared%20Documents/AV1018%20AP%20-%20Audio-Visual%20Equipment%20%26%20Associated%20Services?csf=1&web=1&e=BuGeHd,Mediascape LtdStreamtec LimitedPure AV Ltd
"Office, Computer & Library Supplies - Computer Supplies",OFF3068 NW Lot 02,Audio-Visual & Multimedia Supplies and Services,Supply of Equipment and Consumables,"Call of Method: Direct award on a ranked basis, by conducting a mini-competition or by desktop calculator",18-Jan-23,17-Jan-25,lwatts@apuc-scot.ac.uk,https://apucscot.sharepoint.com/:f:/r/buyerguides/Shared%20Documents/AV1018%20AP%20-%20Audio-Visual%20Equipment%20%26%20Associated%20Services?csf=1&web=1&e=BuGeHd,Mediascape LtdStreamtec LimitedPure AV Ltd
"Office, Computer & Library Supplies - Library Supplies",OFF3068 NW Lot 03,Audio-Visual & Multimedia Supplies and Services,Supply of Equipment and Consumables,"Call of Method: Direct award on a ranked basis, by conducting a mini-competition or by desktop calculator",18-Jan-23,17-Jan-25,lwatts@apuc-scot.ac.uk,https://apucscot.sharepoint.com/:f:/r/buyerguides/Shared%20Documents/AV1018%20AP%20-%20Audio-Visual%20Equipment%20%26%20Associated%20Services?csf=1&web=1&e=BuGeHd,Mediascape LtdStreamtec LimitedPure AV Ltd
Paper - Print & Specialist,OFF3117 NW,Audio-Visual & Multimedia Supplies and Services,Supply of Equipment and Consumables,"Call of Method: Direct award on a ranked basis, by conducting a mini-competition or by desktop calculator",18-Jan-23,17-Jan-25,lwatts@apuc-scot.ac.uk,https://apucscot.sharepoint.com/:f:/r/buyerguides/Shared%20Documents/AV1018%20AP%20-%20Audio-Visual%20Equipment%20%26%20Associated%20Services?csf=1&web=1&e=BuGeHd,Mediascape LtdStreamtec LimitedPure AV Ltd
Technology Products and Associated Services 2 - Hardware and Software and Associated Services,RM6098 Lot 1,Audio-Visual & Multimedia Supplies and Services,Supply of Equipment and Consumables,"Call of Method: Direct award on a ranked basis, by conducting a mini-competition or by desktop calculator",18-Jan-23,17-Jan-25,lwatts@apuc-scot.ac.uk,https://apucscot.sharepoint.com/:f:/r/buyerguides/Shared%20Documents/AV1018%20AP%20-%20Audio-Visual%20Equipment%20%26%20Associated%20Services?csf=1&web=1&e=BuGeHd,Mediascape LtdStreamtec LimitedPure AV Ltd
Technology Products and Associated Services 2 - Hardware,RM6098 Lot 2,Audio-Visual & Multimedia Supplies and Services,Supply of Equipment and Consumables,"Call of Method: Direct award on a ranked basis, by conducting a mini-competition or by desktop calculator",18-Jan-23,17-Jan-25,lwatts@apuc-scot.ac.uk,https://apucscot.sharepoint.com/:f:/r/buyerguides/Shared%20Documents/AV1018%20AP%20-%20Audio-Visual%20Equipment%20%26%20Associated%20Services?csf=1&web=1&e=BuGeHd,Mediascape LtdStreamtec LimitedPure AV Ltd
Technology Products and Associated Services 2 - Software,RM6098 Lot 3,Audio-Visual & Multimedia Supplies and Services,Supply of Equipment and Consumables,"Call of Method: Direct award on a ranked basis, by conducting a mini-competition or by desktop calculator",18-Jan-23,17-Jan-25,lwatts@apuc-scot.ac.uk,https://apucscot.sharepoint.com/:f:/r/buyerguides/Shared%20Documents/AV1018%20AP%20-%20Audio-Visual%20Equipment%20%26%20Associated%20Services?csf=1&web=1&e=BuGeHd,Mediascape LtdStreamtec LimitedPure AV Ltd
Technology Products and Associated Services 2 - Education Technology,RM6098 Lot 6,Audio-Visual & Multimedia Supplies and Services,Supply of Equipment and Consumables,"Call of Method: Direct award on a ranked basis, by conducting a mini-competition or by desktop calculator",18-Jan-23,17-Jan-25,lwatts@apuc-scot.ac.uk,https://apucscot.sharepoint.com/:f:/r/buyerguides/Shared%20Documents/AV1018%20AP%20-%20Audio-Visual%20Equipment%20%26%20Associated%20Services?csf=1&web=1&e=BuGeHd,Mediascape LtdStreamtec LimitedPure AV Ltd
Technology Products and Associated Services 2 - Sustainability and Circular IT,RM6098 Lot 7,Audio-Visual & Multimedia Supplies and Services,Supply of Equipment and Consumables,"Call of Method: Direct award on a ranked basis, by conducting a mini-competition or by desktop calculator",18-Jan-23,17-Jan-25,lwatts@apuc-scot.ac.uk,https://apucscot.sharepoint.com/:f:/r/buyerguides/Shared%20Documents/AV1018%20AP%20-%20Audio-Visual%20Equipment%20%26%20Associated%20Services?csf=1&web=1&e=BuGeHd,Mediascape LtdStreamtec LimitedPure AV Ltd
CCS Network Services 3 - Inter Site Connectivity (Wide Area Network) / Data Access Services,RM6116 Lot 1a,Audio-Visual & Multimedia Supplies and Services,Supply of Equipment and Consumables,"Call of Method: Direct award on a ranked basis, by conducting a mini-competition or by desktop calculator",18-Jan-23,17-Jan-25,lwatts@apuc-scot.ac.uk,https://apucscot.sharepoint.com/:f:/r/buyerguides/Shared%20Documents/AV1018%20AP%20-%20Audio-Visual%20Equipment%20%26%20Associated%20Services?csf=1&web=1&e=BuGeHd,Mediascape LtdStreamtec LimitedPure AV Ltd
CCS Network Services 3 - Commercial Radio Capabilities,RM6116 Lot 1b,Audio-Visual & Multimedia Supplies and Services,Supply of Equipment and Consumables,"Call of Method: Direct award on a ranked basis, by conducting a mini-competition or by desktop calculator",18-Jan-23,17-Jan-25,lwatts@apuc-scot.ac.uk,https://apucscot.sharepoint.com/:f:/r/buyerguides/Shared%20Documents/AV1018%20AP%20-%20Audio-Visual%20Equipment%20%26%20Associated%20Services?csf=1&web=1&e=BuGeHd,Mediascape LtdStreamtec LimitedPure AV Ltd
CCS Network Services 3 - Tactical Radio Systems,RM6116 Lot 1c,Audio-Visual & Multimedia Supplies and Services,Supply of Equipment and Consumables,"Call of Method: Direct award on a ranked basis, by conducting a mini-competition or by desktop calculator",18-Jan-23,17-Jan-25,lwatts@apuc-scot.ac.uk,https://apucscot.sharepoint.com/:f:/r/buyerguides/Shared%20Documents/AV1018%20AP%20-%20Audio-Visual%20Equipment%20%26%20Associated%20Services?csf=1&web=1&e=BuGeHd,Mediascape LtdStreamtec LimitedPure AV Ltd
CCS Network Services 3 - Critical Domain Services,RM6116 Lot 1d,Audio-Visual & Multimedia Supplies and Services,Supply of Equipment and Consumables,"Call of Method: Direct award on a ranked basis, by conducting a mini-competition or by desktop calculator",18-Jan-23,17-Jan-25,lwatts@apuc-scot.ac.uk,https://apucscot.sharepoint.com/:f:/r/buyerguides/Shared%20Documents/AV1018%20AP%20-%20Audio-Visual%20Equipment%20%26%20Associated%20Services?csf=1&web=1&e=BuGeHd,Mediascape LtdStreamtec LimitedPure AV Ltd
CCS Network Services 3 - Intra Site Connectivity (Local Area Network) / Local Connectivity Services,RM6116 Lot 2a,Audio-Visual & Multimedia Supplies and Services,Supply of Equipment and Consumables,"Call of Method: Direct award on a ranked basis, by conducting a mini-competition or by desktop calculator",18-Jan-23,17-Jan-25,lwatts@apuc-scot.ac.uk,https://apucscot.sharepoint.com/:f:/r/buyerguides/Shared%20Documents/AV1018%20AP%20-%20Audio-Visual%20Equipment%20%26%20Associated%20Services?csf=1&web=1&e=BuGeHd,Mediascape LtdStreamtec LimitedPure AV Ltd
CCS Network Services 3 - IoT and Smart Cities (Smart shared and connected spaces),RM6116 Lot 3a,Audio-Visual & Multimedia Supplies and Services,Supply of Equipment and Consumables,"Call of Method: Direct award on a ranked basis, by conducting a mini-competition or by desktop calculator",18-Jan-23,17-Jan-25,lwatts@apuc-scot.ac.uk,https://apucscot.sharepoint.com/:f:/r/buyerguides/Shared%20Documents/AV1018%20AP%20-%20Audio-Visual%20Equipment%20%26%20Associated%20Services?csf=1&web=1&e=BuGeHd,Mediascape LtdStreamtec LimitedPure AV Ltd
CCS Network Services 3 - Communication Platform as a Service,RM6116 Lot 3b,Audio-Visual & Multimedia Supplies and Services,Supply of Equipment and Consumables,"Call of Method: Direct award on a ranked basis, by conducting a mini-competition or by desktop calculator",18-Jan-23,17-Jan-25,lwatts@apuc-scot.ac.uk,https://apucscot.sharepoint.com/:f:/r/buyerguides/Shared%20Documents/AV1018%20AP%20-%20Audio-Visual%20Equipment%20%26%20Associated%20Services?csf=1&web=1&e=BuGeHd,Mediascape LtdStreamtec LimitedPure AV Ltd
CCS Network Services 3 - Analogue Telephony,RM6116 Lot 4a,Audio-Visual & Multimedia Supplies and Services,Supply of Equipment and Consumables,"Call of Method: Direct award on a ranked basis, by conducting a mini-competition or by desktop calculator",18-Jan-23,17-Jan-25,lwatts@apuc-scot.ac.uk,https://apucscot.sharepoint.com/:f:/r/buyerguides/Shared%20Documents/AV1018%20AP%20-%20Audio-Visual%20Equipment%20%26%20Associated%20Services?csf=1&web=1&e=BuGeHd,Mediascape LtdStreamtec LimitedPure AV Ltd
CCS Network Services 3 - Digital Communication Services (Unified Communications),RM6116 Lot 4b,Audio-Visual & Multimedia Supplies and Services,Supply of Equipment and Consumables,"Call of Method: Direct award on a ranked basis, by conducting a mini-competition or by desktop calculator",18-Jan-23,17-Jan-25,lwatts@apuc-scot.ac.uk,https://apucscot.sharepoint.com/:f:/r/buyerguides/Shared%20Documents/AV1018%20AP%20-%20Audio-Visual%20Equipment%20%26%20Associated%20Services?csf=1&web=1&e=BuGeHd,Mediascape LtdStreamtec LimitedPure AV Ltd
CCS Network Services 3 - Contact Centre Solutions,RM6116 Lot 4c,Audio-Visual & Multimedia Supplies and Services,Supply of Equipment and Consumables,"Call of Method: Direct award on a ranked basis, by conducting a mini-competition or by desktop calculator",18-Jan-23,17-Jan-25,lwatts@apuc-scot.ac.uk,https://apucscot.sharepoint.com/:f:/r/buyerguides/Shared%20Documents/AV1018%20AP%20-%20Audio-Visual%20Equipment%20%26%20Associated%20Services?csf=1&web=1&e=BuGeHd,Mediascape LtdStreamtec LimitedPure AV Ltd
CCS Network Services 3 - Inbound Telephony Services,RM6116 Lot 4d,Audio-Visual & Multimedia Supplies and Services,Supply of Equipment and Consumables,"Call of Method: Direct award on a ranked basis, by conducting a mini-competition or by desktop calculator",18-Jan-23,17-Jan-25,lwatts@apuc-scot.ac.uk,https://apucscot.sharepoint.com/:f:/r/buyerguides/Shared%20Documents/AV1018%20AP%20-%20Audio-Visual%20Equipment%20%26%20Associated%20Services?csf=1&web=1&e=BuGeHd,Mediascape LtdStreamtec LimitedPure AV Ltd
CCS Network Services 3 - Paging & Alerting,RM6116 Lot 4e,Audio-Visual & Multimedia Supplies and Services,Supply of Equipment and Consumables,"Call of Method: Direct award on a ranked basis, by conducting a mini-competition or by desktop calculator",18-Jan-23,17-Jan-25,lwatts@apuc-scot.ac.uk,https://apucscot.sharepoint.com/:f:/r/buyerguides/Shared%20Documents/AV1018%20AP%20-%20Audio-Visual%20Equipment%20%26%20Associated%20Services?csf=1&web=1&e=BuGeHd,Mediascape LtdStreamtec LimitedPure AV Ltd
Internet of Things (IoT) - Dynamic Procurement System (DPS),SP-18-033,Audio-Visual & Multimedia Supplies and Services,Supply of Equipment and Consumables,"Call of Method: Direct award on a ranked basis, by conducting a mini-competition or by desktop calculator",18-Jan-23,17-Jan-25,lwatts@apuc-scot.ac.uk,https://apucscot.sharepoint.com/:f:/r/buyerguides/Shared%20Documents/AV1018%20AP%20-%20Audio-Visual%20Equipment%20%26%20Associated%20Services?csf=1&web=1&e=BuGeHd,Mediascape LtdStreamtec LimitedPure AV Ltd
Mobile Client Devices (National Framework for),SP-19-020,Audio-Visual & Multimedia Supplies and Services,Supply of Equipment and Consumables,"Call of Method: Direct award on a ranked basis, by conducting a mini-competition or by desktop calculator",18-Jan-23,17-Jan-25,lwatts@apuc-scot.ac.uk,https://apucscot.sharepoint.com/:f:/r/buyerguides/Shared%20Documents/AV1018%20AP%20-%20Audio-Visual%20Equipment%20%26%20Associated%20Services?csf=1&web=1&e=BuGeHd,Mediascape LtdStreamtec LimitedPure AV Ltd
Technology Peripherals and Infrastructure - IT Peripherals,SP-21-012 Lot 1,Audio-Visual & Multimedia Supplies and Services,Supply of Equipment and Consumables,"Call of Method: Direct award on a ranked basis, by conducting a mini-competition or by desktop calculator",18-Jan-23,17-Jan-25,lwatts@apuc-scot.ac.uk,https://apucscot.sharepoint.com/:f:/r/buyerguides/Shared%20Documents/AV1018%20AP%20-%20Audio-Visual%20Equipment%20%26%20Associated%20Services?csf=1&web=1&e=BuGeHd,Mediascape LtdStreamtec LimitedPure AV Ltd
Technology Peripherals and Infrastructure - IT Infrastructure Projects,SP-21-012 Lot 2,Audio-Visual & Multimedia Supplies and Services,Supply of Equipment and Consumables,"Call of Method: Direct award on a ranked basis, by conducting a mini-competition or by desktop calculator",18-Jan-23,17-Jan-25,lwatts@apuc-scot.ac.uk,https://apucscot.sharepoint.com/:f:/r/buyerguides/Shared%20Documents/AV1018%20AP%20-%20Audio-Visual%20Equipment%20%26%20Associated%20Services?csf=1&web=1&e=BuGeHd,Mediascape LtdStreamtec LimitedPure AV Ltd
Software Value Added Re-seller (SVAR),SP-21-034,Audio-Visual & Multimedia Supplies and Services,Supply of Equipment and Consumables,"Call of Method: Direct award on a ranked basis, by conducting a mini-competition or by desktop calculator",18-Jan-23,17-Jan-25,lwatts@apuc-scot.ac.uk,https://apucscot.sharepoint.com/:f:/r/buyerguides/Shared%20Documents/AV1018%20AP%20-%20Audio-Visual%20Equipment%20%26%20Associated%20Services?csf=1&web=1&e=BuGeHd,Mediascape LtdStreamtec LimitedPure AV Ltd
Telephony and Communication Services Dynamic Purchasing System - Telephony and communication services,SP-21-039 Lot 1,Audio-Visual & Multimedia Supplies and Services,Supply of Equipment and Consumables,"Call of Method: Direct award on a ranked basis, by conducting a mini-competition or by desktop calculator",18-Jan-23,17-Jan-25,lwatts@apuc-scot.ac.uk,https://apucscot.sharepoint.com/:f:/r/buyerguides/Shared%20Documents/AV1018%20AP%20-%20Audio-Visual%20Equipment%20%26%20Associated%20Services?csf=1&web=1&e=BuGeHd,Mediascape LtdStreamtec LimitedPure AV Ltd
Telephony and Communication Services Dynamic Purchasing System - Enterprise Bundled Service,SP-21-039 Lot 2,Audio-Visual & Multimedia Supplies and Services,Supply of Equipment and Consumables,"Call of Method: Direct award on a ranked basis, by conducting a mini-competition or by desktop calculator",18-Jan-23,17-Jan-25,lwatts@apuc-scot.ac.uk,https://apucscot.sharepoint.com/:f:/r/buyerguides/Shared%20Documents/AV1018%20AP%20-%20Audio-Visual%20Equipment%20%26%20Associated%20Services?csf=1&web=1&e=BuGeHd,Mediascape LtdStreamtec LimitedPure AV Ltd
Managed Print Solutions,SP-21-046,Audio-Visual & Multimedia Supplies and Services,Supply of Equipment and Consumables,"Call of Method: Direct award on a ranked basis, by conducting a mini-competition or by desktop calculator",18-Jan-23,17-Jan-25,lwatts@apuc-scot.ac.uk,https://apucscot.sharepoint.com/:f:/r/buyerguides/Shared%20Documents/AV1018%20AP%20-%20Audio-Visual%20Equipment%20%26%20Associated%20Services?csf=1&web=1&e=BuGeHd,Mediascape LtdStreamtec LimitedPure AV Ltd
Procurement - mobile voice and data services framework,SP-22-005,Audio-Visual & Multimedia Supplies and Services,Supply of Equipment and Consumables,"Call of Method: Direct award on a ranked basis, by conducting a mini-competition or by desktop calculator",18-Jan-23,17-Jan-25,lwatts@apuc-scot.ac.uk,https://apucscot.sharepoint.com/:f:/r/buyerguides/Shared%20Documents/AV1018%20AP%20-%20Audio-Visual%20Equipment%20%26%20Associated%20Services?csf=1&web=1&e=BuGeHd,Mediascape LtdStreamtec LimitedPure AV Ltd
Desktop Client Devices (National Framework for),SP-22-019,Audio-Visual & Multimedia Supplies and Services,Supply of Equipment and Consumables,"Call of Method: Direct award on a ranked basis, by conducting a mini-competition or by desktop calculator",18-Jan-23,17-Jan-25,lwatts@apuc-scot.ac.uk,https://apucscot.sharepoint.com/:f:/r/buyerguides/Shared%20Documents/AV1018%20AP%20-%20Audio-Visual%20Equipment%20%26%20Associated%20Services?csf=1&web=1&e=BuGeHd,Mediascape LtdStreamtec LimitedPure AV Ltd
Web Based and Proprietary Client Device Framework (National Framework for),SP-22-020,Audio-Visual & Multimedia Supplies and Services,Supply of Equipment and Consumables,"Call of Method: Direct award on a ranked basis, by conducting a mini-competition or by desktop calculator",18-Jan-23,17-Jan-25,lwatts@apuc-scot.ac.uk,https://apucscot.sharepoint.com/:f:/r/buyerguides/Shared%20Documents/AV1018%20AP%20-%20Audio-Visual%20Equipment%20%26%20Associated%20Services?csf=1&web=1&e=BuGeHd,Mediascape LtdStreamtec LimitedPure AV Ltd
General Office Supplies,SP-22-021,Audio-Visual & Multimedia Supplies and Services,Supply of Equipment and Consumables,"Call of Method: Direct award on a ranked basis, by conducting a mini-competition or by desktop calculator",18-Jan-23,17-Jan-25,lwatts@apuc-scot.ac.uk,https://apucscot.sharepoint.com/:f:/r/buyerguides/Shared%20Documents/AV1018%20AP%20-%20Audio-Visual%20Equipment%20%26%20Associated%20Services?csf=1&web=1&e=BuGeHd,Mediascape LtdStreamtec LimitedPure AV Ltd
Cloud and Hosting Services Framework,SP-22-023,Audio-Visual & Multimedia Supplies and Services,Supply of Equipment and Consumables,"Call of Method: Direct award on a ranked basis, by conducting a mini-competition or by desktop calculator",18-Jan-23,17-Jan-25,lwatts@apuc-scot.ac.uk,https://apucscot.sharepoint.com/:f:/r/buyerguides/Shared%20Documents/AV1018%20AP%20-%20Audio-Visual%20Equipment%20%26%20Associated%20Services?csf=1&web=1&e=BuGeHd,Mediascape LtdStreamtec LimitedPure AV Ltd
Digital Technology and Cyber Services Dynamic Purchasing System (DPS) - digital technology projects and services,SP-23-08 Lot 1,Audio-Visual & Multimedia Supplies and Services,Supply of Equipment and Consumables,"Call of Method: Direct award on a ranked basis, by conducting a mini-competition or by desktop calculator",18-Jan-23,17-Jan-25,lwatts@apuc-scot.ac.uk,https://apucscot.sharepoint.com/:f:/r/buyerguides/Shared%20Documents/AV1018%20AP%20-%20Audio-Visual%20Equipment%20%26%20Associated%20Services?csf=1&web=1&e=BuGeHd,Mediascape LtdStreamtec LimitedPure AV Ltd
Digital Technology and Cyber Services Dynamic Purchasing System (DPS) - digital technology resources,SP-23-08 Lot 2,Audio-Visual & Multimedia Supplies and Services,Supply of Equipment and Consumables,"Call of Method: Direct award on a ranked basis, by conducting a mini-competition or by desktop calculator",18-Jan-23,17-Jan-25,lwatts@apuc-scot.ac.uk,https://apucscot.sharepoint.com/:f:/r/buyerguides/Shared%20Documents/AV1018%20AP%20-%20Audio-Visual%20Equipment%20%26%20Associated%20Services?csf=1&web=1&e=BuGeHd,Mediascape LtdStreamtec LimitedPure AV Ltd
Digital Technology and Cyber Services Dynamic Purchasing System (DPS) - digital training services,SP-23-08 Lot 3,Audio-Visual & Multimedia Supplies and Services,Supply of Equipment and Consumables,"Call of Method: Direct award on a ranked basis, by conducting a mini-competition or by desktop calculator",18-Jan-23,17-Jan-25,lwatts@apuc-scot.ac.uk,https://apucscot.sharepoint.com/:f:/r/buyerguides/Shared%20Documents/AV1018%20AP%20-%20Audio-Visual%20Equipment%20%26%20Associated%20Services?csf=1&web=1&e=BuGeHd,Mediascape LtdStreamtec LimitedPure AV Ltd
Digital Technology and Cyber Services Dynamic Purchasing System (DPS) - cyber security services,SP-23-08 Lot 4,Audio-Visual & Multimedia Supplies and Services,Supply of Equipment and Consumables,"Call of Method: Direct award on a ranked basis, by conducting a mini-competition or by desktop calculator",18-Jan-23,17-Jan-25,lwatts@apuc-scot.ac.uk,https://apucscot.sharepoint.com/:f:/r/buyerguides/Shared%20Documents/AV1018%20AP%20-%20Audio-Visual%20Equipment%20%26%20Associated%20Services?csf=1&web=1&e=BuGeHd,Mediascape LtdStreamtec LimitedPure AV Ltd
Professional Buying Tools - PCS Tender,SP-COM002,Audio-Visual & Multimedia Supplies and Services,Supply of Equipment and Consumables,"Call of Method: Direct award on a ranked basis, by conducting a mini-competition or by desktop calculator",18-Jan-23,17-Jan-25,lwatts@apuc-scot.ac.uk,https://apucscot.sharepoint.com/:f:/r/buyerguides/Shared%20Documents/AV1018%20AP%20-%20Audio-Visual%20Equipment%20%26%20Associated%20Services?csf=1&web=1&e=BuGeHd,Mediascape LtdStreamtec LimitedPure AV Ltd
Mobile Phones - Ethically Sourced,TEL5082 LU,Audio-Visual & Multimedia Supplies and Services,Supply of Equipment and Consumables,"Call of Method: Direct award on a ranked basis, by conducting a mini-competition or by desktop calculator",18-Jan-23,17-Jan-25,lwatts@apuc-scot.ac.uk,https://apucscot.sharepoint.com/:f:/r/buyerguides/Shared%20Documents/AV1018%20AP%20-%20Audio-Visual%20Equipment%20%26%20Associated%20Services?csf=1&web=1&e=BuGeHd,Mediascape LtdStreamtec LimitedPure AV Ltd
