Published,Submission_deadline,Short_description,Type,Type1,Contracting_authority__source,Action_URL
"
									29.08.2024 ",n.a.,"
							Beschaffung 175 Mini-PC
						","
							
							VOL/APrior information notice
						",,"
							Kreis Euskirchen
						","javascript:openProjectPopup('/VMPCenter/public/company/projectForwarding.do?pid=1009136', '1009136');"
"
									14.08.2024 ","
                                    12.09.2024 ","
							Smart-Card-Anmeldung
						","
							
							VgVCFC
						",CFC,"
							Universitätsklinikum Köln AöR
						","javascript:openProjectPopup('/VMPCenter/public/company/projectForwarding.do?pid=1004428', '1004428');"
"
									30.08.2024 ","
                                    30.09.2024 ","
							LFZ HW Teilaustausch
						","
							
							VgVCFC
						",CFC,"
							Vergabe und Beschaffungszentrum Dortmund
						","javascript:openProjectPopup('/VMPCenter/public/company/projectForwarding.do?pid=1009564', '1009564');"
"
									02.07.2021 ",n.a.,"
							Laptopwagen Schulen
						","
							
							UVgOPrior information notice
						",,"
							Stadtverwaltung Wesseling Der Bürgermeister
						","javascript:openProjectPopup('/VMPCenter/public/company/projectForwarding.do?pid=650195', '650195');"
"
									19.05.2019 ","
                                    25.06.2019 ","
							Erneuerung der Hörsaalmedientechnik
						","
							
							VgVNotice
						",,"
							Ruhr-Universität Bochum
						","javascript:openProjectPopup('/VMPCenter/public/company/projectForwarding.do?pid=419311', '419311');"
"
									09.10.2022 ","
                                    08.11.2022 ","
							Rahmenvertrag Kopiersysteme
						","
							
							VgVNotice
						",,"
							Zentrale Vergabestelle Stadt Lohmar
						","javascript:openProjectPopup('/VMPCenter/public/company/projectForwarding.do?pid=792701', '792701');"
"
									31.07.2024 ","
                                    19.09.2024 ","
							Lieferung und Montage von Multimediaausstattung
						","
							
							VgVNotice
						",,"
							Stadt Ahlen
						","javascript:openProjectPopup('/VMPCenter/public/company/projectForwarding.do?pid=999938', '999938');"
"
									07.08.2024 ","
                                    09.09.2024 ","
							100x 24"" Monitore und 50x 27"" Monitore für die Büros der Kreisverwaltung Steinfurt
						","
							
							VgVNotice
						",,"
							Kreis Steinfurt
						","javascript:openProjectPopup('/VMPCenter/public/company/projectForwarding.do?pid=1002226', '1002226');"
"
									08.08.2024 ","
                                    16.09.2024 ","
							Digitaldruckmaschinen Hausdruckerei
						","
							
							VgVNotice
						",,"
							Stadt Hagen -FB 15-
						","javascript:openProjectPopup('/VMPCenter/public/company/projectForwarding.do?pid=1002738', '1002738');"
"
									09.08.2024 ","
                                    09.09.2024 ","
							Storage NetApp AFF C800 und SG5760
						","
							
							VgVNotice
						",,"
							Vergabe und Beschaffungszentrum Dortmund
						","javascript:openProjectPopup('/VMPCenter/public/company/projectForwarding.do?pid=1003158', '1003158');"
"
									09.08.2024 ","
                                    11.09.2024 ","
							BoWE - IT - Migration virtuelle Infrastruktur
						","
							
							VgVNotice
						",,"
							WirtschaftsEntwicklungsGesellschaft Bochum mbH
						","javascript:openProjectPopup('/VMPCenter/public/company/projectForwarding.do?pid=1003164', '1003164');"
"
									09.08.2024 ","
                                    10.09.2024 ","
							Digitale Druck- und Kopiersysteme
						","
							
							VgVNotice
						",,"
							Universität Siegen
						","javascript:openProjectPopup('/VMPCenter/public/company/projectForwarding.do?pid=1003214', '1003214');"
"
									15.08.2024 ","
                                    16.09.2024 ","
							Lieferung Büromaterial
						","
							
							VgVNotice
						",,"
							Landeshauptstadt Düsseldorf, Der Oberbürgermeister, Amt für Recht, Vergabe und Versicherungen, Zentrale Vergabestelle
						","javascript:openProjectPopup('/VMPCenter/public/company/projectForwarding.do?pid=1005056', '1005056');"
"
									16.08.2024 ","
                                    16.09.2024 ","
							Programm zur Reparatur und zum Austausch von iPads
						","
							
							VgVNotice
						",,"
							Programm zum Austausch von iPads für die verschiedenen Schulen der Stadt Essen in Zusammenarbeit mit dem Alfried Krupp-Schulmedienzentrum
						","javascript:openProjectPopup('/VMPCenter/public/company/projectForwarding.do?pid=1005248', '1005248');"
"
									17.08.2024 ","
                                    17.09.2024 ","
							Rahmenvereinbarung zur Lieferung von Büromaterialien über einen Onlineshop
						","
							
							VgVNotice
						",,"
							Stadt Hamm, Amt für Organisation und Informationsverarbeitung
						","javascript:openProjectPopup('/VMPCenter/public/company/projectForwarding.do?pid=1005648', '1005648');"
"
									18.08.2024 ","
                                    20.09.2024 ","
							Zentraler IT Einkauf NRW - Rahmenvertrag über Monitore
						","
							
							VgVNotice
						",,"
							Land NRW vertreten durch den Landesbetrieb Information und Technik NRW
						","javascript:openProjectPopup('/VMPCenter/public/company/projectForwarding.do?pid=1005872', '1005872');"
"
									20.08.2024 ","
                                    20.09.2024 ","
							Lieferung von Recycling-Xerographiepapier - Jahresbedarf 2025
						","
							
							VgVNotice
						",,"
							FernUniversität in Hagen
						","javascript:openProjectPopup('/VMPCenter/public/company/projectForwarding.do?pid=1006290', '1006290');"
"
									24.07.2024 ","
                                    06.09.2024 ","
							Rahmenvertrag Multifunktionale Kopiersysteme
						","
							
							VgVNotice
						",,"
							Universität Bielefeld
						","javascript:openProjectPopup('/VMPCenter/public/company/projectForwarding.do?pid=997938', '997938');"
"
									09.08.2024 ","
                                    10.09.2024 ","
							IT-Beschaffung für die Schulen des Kreises Soest 2024
						","
							
							VgVNotice
						",,"
							Kreis Soest, Zentrale Vergabestelle
						","javascript:openProjectPopup('/VMPCenter/public/company/projectForwarding.do?pid=1003478', '1003478');"
"
									26.08.2024 ","
                                    30.09.2024 ","
							Rahmenvertrag über Tankkarten mit Liefer- und Serviceleistungen 
						","
							
							VgVNotice
						",,"
							Medizinischer Dienst Westfalen-Lippe
						","javascript:openProjectPopup('/VMPCenter/public/company/projectForwarding.do?pid=1008074', '1008074');"
"
									31.07.2024 ","
                                    05.09.2024 ","
							Lieferung von 8.000 Stück neuen Tastatur-Cover für iPads 10.2"" (9. Generation) nach Rückversetzung auf den Zeitpunkt der Veröffentlichung
						","
							
							VgVNotice
						",,"
							Stadt Bielefeld - Amt für Organisation, IT und Zentrale Leistungen
						","javascript:openProjectPopup('/VMPCenter/public/company/projectForwarding.do?pid=999954', '999954');"
"
									28.08.2024 ","
                                    30.09.2024 ","
							Beschaffung von Convertibles
						","
							
							VgVNotice
						",,"
							Stadt Wuppertal - Amt für  Informationstechnik und Digitalisierung
						","javascript:openProjectPopup('/VMPCenter/public/company/projectForwarding.do?pid=1008866', '1008866');"
"
									18.08.2024 ","
                                    16.09.2024 ","
							Lieferung von digitalen Anzeigegeräten
						","
							
							VgVNotice
						",,"
							Informationsverarbeitung Leverkusen GmbH
						","javascript:openProjectPopup('/VMPCenter/public/company/projectForwarding.do?pid=1005878', '1005878');"
"
									30.08.2024 ","
                                    01.10.2024 ","
							Rahmenvertrag Kopierpapier 12/2024-11/2026
						","
							
							VgVNotice
						",,"
							Kreis Soest, Zentrale Vergabestelle
						","javascript:openProjectPopup('/VMPCenter/public/company/projectForwarding.do?pid=1009540', '1009540');"
"
									01.09.2024 ","
                                    01.10.2024 ","
							132x 27"" Zoll Monitore für die Büros des Kreises Steinfurt
						","
							
							VgVNotice
						",,"
							Kreis Steinfurt
						","javascript:openProjectPopup('/VMPCenter/public/company/projectForwarding.do?pid=1009790', '1009790');"
"
									01.09.2024 ","
                                    04.10.2024 ","
							FortiPAM
						","
							
							VgVNotice
						",,"
							Universitätsklinikum Düsseldorf
						","javascript:openProjectPopup('/VMPCenter/public/company/projectForwarding.do?pid=1009828', '1009828');"
"
									03.09.2024 ","
                                    04.10.2024 ","
							EU-weite Ausschreibung: Beschaffung von Smartboards für die Dorstener Schulen
						","
							
							VgVNotice
						",,"
							Stadt Dorsten
						","javascript:openProjectPopup('/VMPCenter/public/company/projectForwarding.do?pid=1010320', '1010320');"
"
									11.09.2018 ",n.a.,"
							Umbau und Erweiterung der Gesamtschule Ibbenbüren - interaktive Tafelanlage
						","
							
							VgVContract award notice
						",,"
							Stadt Ibbenbüren
						","javascript:openProjectPopup('/VMPCenter/public/company/projectForwarding.do?pid=354357', '354357');"
"
									29.05.2022 ",n.a.,"
							Beschaffung von aktiver Netzwerkverteilung und Zubehör sowie Lizenzen für die Außenstelle Bömberg in Iserlohn
						","
							
							VgVContract award notice
						",,"
							Stadt Iserlohn
						","javascript:openProjectPopup('/VMPCenter/public/company/projectForwarding.do?pid=751835', '751835');"
"
									29.04.2023 ",n.a.,"
							Rahmenvereinbarung über die Lieferung von Tinten- und Tonerpatronen sowie Druckerzubehör für den Zeitraum vom 01.03.2023 bis 29.02.2024 mit einer Verlängerungsoption um einmalig 12 Monate
						","
							
							VgVContract award notice
						",,"
							Stadt Bielefeld - Amt für Organisation, IT und Zentrale Leistungen
						","javascript:openProjectPopup('/VMPCenter/public/company/projectForwarding.do?pid=854870', '854870');"
"
									16.02.2024 ",n.a.,"
							Lieferung von Lenovo Notebooks
						","
							
							VgVContract award notice
						",,"
							Kreis Warendorf - Der Landrat
						","javascript:openProjectPopup('/VMPCenter/public/company/projectForwarding.do?pid=944516', '944516');"
"
									28.04.2024 ",n.a.,"
							KI-Rechencluster
						","
							
							VgVContract award notice
						",,"
							TH Köln
						","javascript:openProjectPopup('/VMPCenter/public/company/projectForwarding.do?pid=968456', '968456');"
"
									30.04.2024 ",n.a.,"
							Rahmenvertrag über die Beschaffung von multifunktionalen Output-Geräten
						","
							
							VgVContract award notice
						",,"
							Kreis Euskirchen
						","javascript:openProjectPopup('/VMPCenter/public/company/projectForwarding.do?pid=969042', '969042');"
"
									10.05.2024 ",n.a.,"
							Rahmenvertrag Apple Hardware, MDM-Lizenzen und Reparaturleistungen
						","
							
							VgVContract award notice
						",,"
							Vergabe und Beschaffungszentrum Dortmund
						","javascript:openProjectPopup('/VMPCenter/public/company/projectForwarding.do?pid=972190', '972190');"
"
									10.05.2024 ",n.a.,"
							Lieferung von Lenovo Notebooks
						","
							
							VgVContract award notice
						",,"
							Kreis Warendorf - Der Landrat
						","javascript:openProjectPopup('/VMPCenter/public/company/projectForwarding.do?pid=972220', '972220');"
"
									14.06.2024 ",n.a.,"
							Lieferung von 250 Stück Konvertible Tablets inkl. Zubehör
						","
							
							VgVContract award notice
						",,"
							Rhein-Sieg-Kreis
						","javascript:openProjectPopup('/VMPCenter/public/company/projectForwarding.do?pid=983608', '983608');"
"
									14.06.2024 ",n.a.,"
							Fullservice-Mietvertrag für Multifunktionsgeräte
						","
							
							VgVContract award notice
						",,"
							Rhein-Sieg-Kreis
						","javascript:openProjectPopup('/VMPCenter/public/company/projectForwarding.do?pid=983628', '983628');"
"
									18.06.2024 ",n.a.,"
							Rahmenvereinbarung Interaktive Panels für das Berufskolleg Rheine des Kreises Steinfurt
						","
							
							VgVContract award notice
						",,"
							Kreis Steinfurt
						","javascript:openProjectPopup('/VMPCenter/public/company/projectForwarding.do?pid=984568', '984568');"
"
									18.06.2024 ",n.a.,"
							Erneuerung der Ausstattung mit Druckern in der Kreisverwaltung
						","
							
							VgVContract award notice
						",,"
							Kreis Recklinghausen, Der Landrat
						","javascript:openProjectPopup('/VMPCenter/public/company/projectForwarding.do?pid=984580', '984580');"
"
									19.06.2024 ",n.a.,"
							Lieferung von EC-Cash-Geräten inkl. Serviceverträge und Hotline
						","
							
							VgVContract award notice
						",,"
							Stadt Essen, Zentrales Vergabe- und Beschaffungsmanagement
						","javascript:openProjectPopup('/VMPCenter/public/company/projectForwarding.do?pid=984992', '984992');"
"
									28.06.2024 ",n.a.,"
							Arbeitsplatz 4.0
						","
							
							VgVContract award notice
						",,"
							Klinikum Dortmund gGmbH
						","javascript:openProjectPopup('/VMPCenter/public/company/projectForwarding.do?pid=988410', '988410');"
"
									03.07.2024 ",n.a.,"
							Netzwerkkomponenten
						","
							
							VgVContract award notice
						",,"
							Technische Universität Dortmund
						","javascript:openProjectPopup('/VMPCenter/public/company/projectForwarding.do?pid=989706', '989706');"
"
									03.07.2024 ",n.a.,"
							Universität zu Köln - Cisco Systems-Komponenten Rahmenvertrag
						","
							
							VgVContract award notice
						",,"
							Universität zu Köln, Abteilung 64 - Einkauf
						","javascript:openProjectPopup('/VMPCenter/public/company/projectForwarding.do?pid=989710', '989710');"
"
									06.07.2024 ",n.a.,"
							Beschaffung von multimedialer Ausstattung für 7 Grundschulen aus dem Digitalpakt Schule
						","
							
							VgVContract award notice
						",,"
							Stadt Ahlen
						","javascript:openProjectPopup('/VMPCenter/public/company/projectForwarding.do?pid=991216', '991216');"
"
									07.07.2024 ",n.a.,"
							Lieferung von diverser Hardware für Ahlener Schulen
						","
							
							VgVContract award notice
						",,"
							Stadt Ahlen
						","javascript:openProjectPopup('/VMPCenter/public/company/projectForwarding.do?pid=991298', '991298');"
"
									12.07.2024 ",n.a.,"
							Rahmenvereinbarung über die Lieferung von Outdoor-Tablets für den forstlichen Außeneinsatz im Landesbetrieb Wald und Holz Nordrhein-Westfalen
						","
							
							VgVContract award notice
						",,"
							Wald und Holz NRW
						","javascript:openProjectPopup('/VMPCenter/public/company/projectForwarding.do?pid=993488', '993488');"
"
									14.07.2024 ",n.a.,"
							2024-0344 Rahmenvereinbarung über die Lieferung von Komponenten zur Ausstattung von Bibliotheksstandorten der Stadt Duisburg als OpenLibraries
						","
							
							VgVContract award notice
						",,"
							Einkauf der Stadt Duisburg (10-31)
						","javascript:openProjectPopup('/VMPCenter/public/company/projectForwarding.do?pid=993938', '993938');"
"
									17.07.2024 ",n.a.,"
							Rahmenvereinbarung über die Lieferung und Montage von interaktiven Displays für die städtischen Bonner Schulen
						","
							
							VgVContract award notice
						",,"
							Bundesstadt Bonn, Referat Vergabedienste
						","javascript:openProjectPopup('/VMPCenter/public/company/projectForwarding.do?pid=994940', '994940');"
"
									19.07.2024 ",n.a.,"
							100x 24"" Monitore und 50x 27"" Monitore für die Büros der Kreisverwaltung Steinfurt
						","
							
							VgVContract award notice
						",,"
							Kreis Steinfurt
						","javascript:openProjectPopup('/VMPCenter/public/company/projectForwarding.do?pid=996064', '996064');"
"
									21.07.2024 ",n.a.,"
							Hardware-Beschaffung ZSG - Interaktive Displays (Legamaster) & Laser Farb-Multifunktionssysteme
						","
							
							VgVContract award notice
						",,"
							Stadt Gütersloh
						","javascript:openProjectPopup('/VMPCenter/public/company/projectForwarding.do?pid=996370', '996370');"
"
									27.07.2024 ",n.a.,"
							Wartung Telefonanlage Unify
						","
							
							VgVContract award notice
						",,"
							Universität Münster
						","javascript:openProjectPopup('/VMPCenter/public/company/projectForwarding.do?pid=998814', '998814');"
"
									30.07.2024 ",n.a.,"
							Abschluss einer Rahmenvereinbarung für die Lieferung von unterschiedlichen fabrikneuen Apple Produkten und Services für den Bereich Education
						","
							
							VgVContract award notice
						",,"
							Gemeinsame Kommunale Datenzentrale Recklinghausen
						","javascript:openProjectPopup('/VMPCenter/public/company/projectForwarding.do?pid=999490', '999490');"
"
									01.08.2024 ",n.a.,"
							Verschiedene EDV-Hardware für die Schulen des Kreises Steinfurt
						","
							
							VgVContract award notice
						",,"
							Kreis Steinfurt
						","javascript:openProjectPopup('/VMPCenter/public/company/projectForwarding.do?pid=1000370', '1000370');"
"
									01.08.2024 ",n.a.,"
							Leasing, Lieferung und Wartung drei Produktionsdrucksystemen für die Hausdruckerei
						","
							
							VgVContract award notice
						",,"
							Universitätsklinikum Aachen AöR
						","javascript:openProjectPopup('/VMPCenter/public/company/projectForwarding.do?pid=1000398', '1000398');"
"
									02.08.2024 ",n.a.,"
							100320256
						","
							
							VgVContract award notice
						",,"
							RWTH Aachen University
						","javascript:openProjectPopup('/VMPCenter/public/company/projectForwarding.do?pid=1000858', '1000858');"
"
									03.08.2024 ",n.a.,"
							Landesweites Pilotprojekt: Ausstattung der Zentren für schulpraktische Lehrerausbildung und der Kommunalen Medienzentren in Nordrhein-Westfalen mit Digital Making Places
						","
							
							VgVContract award notice
						",,"
							Ministerium für Schule und Bildung NRW
						","javascript:openProjectPopup('/VMPCenter/public/company/projectForwarding.do?pid=1001186', '1001186');"
"
									06.08.2024 ",n.a.,"
							Lieferung von 200 Laptops, 200 Dockingstationen und 400 Monitoren
						","
							
							VgVContract award notice
						",,"
							Stadt Gütersloh
						","javascript:openProjectPopup('/VMPCenter/public/company/projectForwarding.do?pid=1001802', '1001802');"
"
									06.08.2024 ",n.a.,"
							Wertschutzschränke, Waffenschließfachanlagen sowie Schlüsseltresore- und schränke
						","
							
							VgVContract award notice
						",,"
							Polizeipräsidium Köln
						","javascript:openProjectPopup('/VMPCenter/public/company/projectForwarding.do?pid=1001848', '1001848');"
"
									06.08.2024 ",n.a.,"
							Tischscanner
						","
							
							VgVContract award notice
						",,"
							Rhein-Erft-Kreis
						","javascript:openProjectPopup('/VMPCenter/public/company/projectForwarding.do?pid=1001864', '1001864');"
"
									06.08.2024 ",n.a.,"
							Aufrüstung HPE Alletra
						","
							
							VgVContract award notice
						",,"
							Rhein-Erft-Kreis
						","javascript:openProjectPopup('/VMPCenter/public/company/projectForwarding.do?pid=1001862', '1001862');"
"
									07.08.2024 ",n.a.,"
							Hochleistungsscanner
						","
							
							VgVContract award notice
						",,"
							Rhein-Erft-Kreis
						","javascript:openProjectPopup('/VMPCenter/public/company/projectForwarding.do?pid=1002256', '1002256');"
"
									10.08.2024 ",n.a.,"
							Lieferung und Montage von interaktiven Displays im Rahmen einer Ersatz- und Erweiterungsbeschaffung für ausgewählte Schulen in Hückelhoven
						","
							
							VgVContract award notice
						",,"
							Stadt Hückelhoven
						","javascript:openProjectPopup('/VMPCenter/public/company/projectForwarding.do?pid=1003450', '1003450');"
"
									13.08.2024 ",n.a.,"
							Digitale Einsatzberichterstattung
						","
							
							VgVContract award notice
						",,"
							Rheinisch-Bergischer Kreis, Der Landrat
						","javascript:openProjectPopup('/VMPCenter/public/company/projectForwarding.do?pid=1004022', '1004022');"
"
									14.08.2024 ",n.a.,"
							2024-0380 Rahmenvereinbarungen über die Lieferung, Montage und Elektroinstallation von Displays, Beamern mit Lautsprechern an Duisburger Schulen in zwei Losen
						","
							
							VgVContract award notice
						",,"
							Einkauf der Stadt Duisburg (10-31)
						","javascript:openProjectPopup('/VMPCenter/public/company/projectForwarding.do?pid=1004496', '1004496');"
"
									13.08.2024 ",n.a.,"
							Full-Service Mietvertrag für 2 Farb-Digitaldruck- und Kopiersysteme
						","
							
							VgVContract award notice
						",,"
							Ruhr-Universität Bochum
						","javascript:openProjectPopup('/VMPCenter/public/company/projectForwarding.do?pid=1003986', '1003986');"
"
									16.08.2024 ",n.a.,"
							Kopiergeräte, Drucker- und Kopiersysteme
						","
							
							VgVContract award notice
						",,"
							Universität Duisburg-Essen
						","javascript:openProjectPopup('/VMPCenter/public/company/projectForwarding.do?pid=1005276', '1005276');"
"
									16.08.2024 ",n.a.,"
							Bundesstadt Bonn, Beethovenhalle VEA 03 Sondermöblierung
						","
							
							VgVContract award notice
						",,"
							Bundesstadt Bonn - Referat Vergabedienste
						","javascript:openProjectPopup('/VMPCenter/public/company/projectForwarding.do?pid=1005576', '1005576');"
"
									20.08.2024 ",n.a.,"
							Peripheriegeräte 
						","
							
							VgVContract award notice
						",,"
							Stadt Köln - Amt für Recht, Vergabe und Versicherungen
						","javascript:openProjectPopup('/VMPCenter/public/company/projectForwarding.do?pid=1006326', '1006326');"
"
									27.08.2024 ",n.a.,"
							Rahmenvertrag Kopierpapier
						","
							
							VgVContract award notice
						",,"
							Kreisstadt Unna - Zentrale Vergabestelle
						","javascript:openProjectPopup('/VMPCenter/public/company/projectForwarding.do?pid=1008440', '1008440');"
"
									28.08.2024 ",n.a.,"
							digitale Tafeln für die Schulen des Kreises Euskirchen
						","
							
							VgVContract award notice
						",,"
							Kreis Euskirchen
						","javascript:openProjectPopup('/VMPCenter/public/company/projectForwarding.do?pid=1008802', '1008802');"
"
									29.08.2024 ",n.a.,"
							Mini-PCs
						","
							
							VgVContract award notice
						",,"
							Rhein-Erft-Kreis
						","javascript:openProjectPopup('/VMPCenter/public/company/projectForwarding.do?pid=1009194', '1009194');"
"
									07.06.2019 ","
                                    25.06.2019 ","
							Lieferung von Apple iPads + TV's für die Gronauer Schulen
						","
							
							UVgONotice
						",,"
							Stadt Gronau (Westf.)
						","javascript:openProjectPopup('/VMPCenter/public/company/projectForwarding.do?pid=425987', '425987');"
"
									09.01.2023 ","
                                    19.01.2023 ","
							Lieferung von Kopierpapier für städtische Schulen
						","
							
							UVgONotice
						",,"
							Fachbereich Organisation und IT
						","javascript:openProjectPopup('/VMPCenter/public/company/projectForwarding.do?pid=818769', '818769');"
"
									12.08.2024 ","
                                    13.09.2024 ","
							Waschmaschinen und Wäschetrockner
						","
							
							UVgONotice
						",,"
							Vergabe und Beschaffungszentrum Dortmund
						","javascript:openProjectPopup('/VMPCenter/public/company/projectForwarding.do?pid=1003870', '1003870');"
"
									13.08.2024 ","
                                    04.09.2024 ","
							IT der Stadt Bocholt: Lieferung von Switchen und Accesspoints
						","
							
							UVgONotice
						",,"
							Stadt Bocholt
						","javascript:openProjectPopup('/VMPCenter/public/company/projectForwarding.do?pid=1004152', '1004152');"
"
									15.08.2024 ","
                                    05.09.2024 ","
							Lieferung von diversen Apple Produkten an zwei Berufskollegs im Hochsauerlandkreis
						","
							
							UVgONotice
						",,"
							Hochsauerlandkreis
						","javascript:openProjectPopup('/VMPCenter/public/company/projectForwarding.do?pid=1005100', '1005100');"
"
									16.08.2024 ","
                                    19.09.2024 ","
							Neuausstattung Rathaus
						","
							
							UVgONotice
						",,"
							Kreisstadt Steinfurt, Die Bürgermeisterin
						","javascript:openProjectPopup('/VMPCenter/public/company/projectForwarding.do?pid=1005258', '1005258');"
"
									15.08.2024 ","
                                    19.09.2024 ","
							2024-0472 Rahmenvereinbarung über die Lieferung von RFID-Benutzerausweisen und RFID-Etiketten für die Stadtbibliothek Duisburg in 2 Losen
						","
							
							UVgONotice
						",,"
							Einkauf der Stadt Duisburg (10-31)
						","javascript:openProjectPopup('/VMPCenter/public/company/projectForwarding.do?pid=1004902', '1004902');"
"
									19.08.2024 ","
                                    10.09.2024 ","
							Bluecat DDI - Service- und Hardwareerneuerung
						","
							
							UVgONotice
						",,"
							Hochschule Niederrhein
						","javascript:openProjectPopup('/VMPCenter/public/company/projectForwarding.do?pid=1005926', '1005926');"
"
									22.08.2024 ","
                                    20.09.2024 ","
							Lieferung HW Digitalpakt Schule
						","
							
							UVgONotice
						",,"
							Klinikum Dortmund gGmbH
						","javascript:openProjectPopup('/VMPCenter/public/company/projectForwarding.do?pid=1007394', '1007394');"
"
									26.08.2024 ","
                                    11.09.2024 ","
							Dokumenten/Einzug Scanner
						","
							
							UVgONotice
						",,"
							Stadt Bochum, Referat Zentraler Einkauf
						","javascript:openProjectPopup('/VMPCenter/public/company/projectForwarding.do?pid=1008060', '1008060');"
"
									27.08.2024 ","
                                    09.09.2024 ","
							Beschaffung von Notebooks
						","
							
							UVgONotice
						",,"
							Verkehrsverbund Rhein-Ruhr AöR
						","javascript:openProjectPopup('/VMPCenter/public/company/projectForwarding.do?pid=1008354', '1008354');"
"
									19.08.2024 ","
                                    09.09.2024 ","
							Netzwerkdesign Red-Devices
						","
							
							UVgONotice
						",,"
							Essener Systemhaus
						","javascript:openProjectPopup('/VMPCenter/public/company/projectForwarding.do?pid=1006110', '1006110');"
"
									27.08.2024 ","
                                    25.09.2024 ","
							Fröndenberg: Interaktive Touch - Displays
						","
							
							UVgONotice
						",,"
							ZVS Stadt Schwerte (für Stadt Fröndenberg/ Ruhr)
						","javascript:openProjectPopup('/VMPCenter/public/company/projectForwarding.do?pid=1008656', '1008656');"
"
									25.07.2024 ","
                                    05.09.2024 ","
							Bundesstadt Bonn - Lieferung von Notebooks für das Heinrich-Hertz-Europakolleg im Rahmen des Förderprogramms DigitalPakt Schule
						","
							
							UVgONotice
						",,"
							Bundesstadt Bonn - Referat Vergabedienste
						","javascript:openProjectPopup('/VMPCenter/public/company/projectForwarding.do?pid=998068', '998068');"
"
									30.08.2024 ","
                                    01.10.2024 ","
							58x Drucker und 3x Hochleistungsscanner für die Büros des Kreises Steinfurt
						","
							
							UVgONotice
						",,"
							Kreis Steinfurt
						","javascript:openProjectPopup('/VMPCenter/public/company/projectForwarding.do?pid=1009478', '1009478');"
"
									30.08.2024 ","
                                    25.09.2024 ","
							Lieferung von interaktiven Touch-Monitoren mit Zubehör, aufgeteilt in 3 Lose
						","
							
							UVgONotice
						",,"
							Stadt Bielefeld - Amt für Organisation, IT und Zentrale Leistungen
						","javascript:openProjectPopup('/VMPCenter/public/company/projectForwarding.do?pid=1009582', '1009582');"
"
									30.08.2024 ","
                                    18.09.2024 ","
							Beschaffung digitale Medienausstattung
						","
							
							UVgONotice
						",,"
							Stadt Höxter
						","javascript:openProjectPopup('/VMPCenter/public/company/projectForwarding.do?pid=1009682', '1009682');"
"
									03.09.2024 ","
                                    19.09.2024 ","
							Öffentliche Ausschreibung: Lieferung von iPads & Zubehör
						","
							
							UVgONotice
						",,"
							Stadt Dorsten
						","javascript:openProjectPopup('/VMPCenter/public/company/projectForwarding.do?pid=1010448', '1010448');"
"
									03.09.2024 ","
                                    02.10.2024 ","
							25555 Frankieranlagen inkl. Service und Wartung
						","
							
							UVgONotice
						",,"
							Stadt Köln - Amt für Recht, Vergabe und Versicherungen
						","javascript:openProjectPopup('/VMPCenter/public/company/projectForwarding.do?pid=1010500', '1010500');"
"
									03.09.2024 ","
                                    25.09.2024 ","
							Lieferung von Präsentationseinheiten
						","
							
							UVgONotice
						",,"
							Stadt Euskirchen - Fachbereich 6, Schulen, Generationen, Soziales
						","javascript:openProjectPopup('/VMPCenter/public/company/projectForwarding.do?pid=1010524', '1010524');"
"
									03.09.2024 ","
                                    26.09.2024 ","
							Beschaffung Plotter
						","
							
							UVgONotice
						",,"
							Vergabe und Beschaffungszentrum Dortmund
						","javascript:openProjectPopup('/VMPCenter/public/company/projectForwarding.do?pid=1010556', '1010556');"
"
									09.04.2021 ",n.a.,"
							Lieferung von mobilen Raumluftqualitätsfühlern (CO² Ampeln)
						","
							
							UVgOContract award notice
						",,"
							Kreis Recklinghausen, Der Landrat
						","javascript:openProjectPopup('/VMPCenter/public/company/projectForwarding.do?pid=621187', '621187');"
"
									03.06.2024 ",n.a.,"
							Computer, Computerzubehör und Elektronik (Raspberry Pi und Zubehör/Arduino Starter Kit)
						","
							
							UVgOContract award notice
						",,"
							Stadt Gelsenkirchen, 10/4.1 - Zentrale Beschaffungsstelle
						","javascript:openProjectPopup('/VMPCenter/public/company/projectForwarding.do?pid=979030', '979030');"
"
									05.06.2024 ",n.a.,"
							Beschaffung iPads, Zubehör - Medienentwicklungsplan
						","
							
							UVgOContract award notice
						",,"
							Stadt Bad Münstereifel
						","javascript:openProjectPopup('/VMPCenter/public/company/projectForwarding.do?pid=980186', '980186');"
"
									06.06.2024 ",n.a.,"
							Self Service Terminals
						","
							
							UVgOContract award notice
						",,"
							Rhein-Erft-Kreis
						","javascript:openProjectPopup('/VMPCenter/public/company/projectForwarding.do?pid=980916', '980916');"
"
									07.06.2024 ",n.a.,"
							IPads und Zubehör
						","
							
							UVgOContract award notice
						",,"
							Stadt Bochum, Referat Zentraler Einkauf
						","javascript:openProjectPopup('/VMPCenter/public/company/projectForwarding.do?pid=981370', '981370');"
"
									10.06.2024 ",n.a.,"
							Universität zu Köln - Medientechnik RRZK
						","
							
							UVgOContract award notice
						",,"
							Universität zu Köln, Abteilung 64 - Einkauf
						","javascript:openProjectPopup('/VMPCenter/public/company/projectForwarding.do?pid=981634', '981634');"
"
									11.06.2024 ",n.a.,"
							Grafische Notebooks
						","
							
							UVgOContract award notice
						",,"
							Stadt Bochum, Referat Zentraler Einkauf
						","javascript:openProjectPopup('/VMPCenter/public/company/projectForwarding.do?pid=982312', '982312');"
"
									12.06.2024 ",n.a.,"
							Lieferung von 60 iPads samt Zubehör
						","
							
							UVgOContract award notice
						",,"
							Deutsche Rentenversicherung Rheinland
						","javascript:openProjectPopup('/VMPCenter/public/company/projectForwarding.do?pid=982766', '982766');"
"
									17.06.2024 ",n.a.,"
							iPads AvH
						","
							
							UVgOContract award notice
						",,"
							Stadt Bornheim
						","javascript:openProjectPopup('/VMPCenter/public/company/projectForwarding.do?pid=984280', '984280');"
"
									20.06.2024 ",n.a.,"
							AMD Rechner 2-2024
						","
							
							UVgOContract award notice
						",,"
							RWTH Aachen University
						","javascript:openProjectPopup('/VMPCenter/public/company/projectForwarding.do?pid=985442', '985442');"
"
									25.06.2024 ",n.a.,"
							RFID-Hardware-Bibliothek
						","
							
							UVgOContract award notice
						",,"
							Universität Bielefeld
						","javascript:openProjectPopup('/VMPCenter/public/company/projectForwarding.do?pid=986890', '986890');"
"
									25.06.2024 ",n.a.,"
							ICP4-CentricStor
						","
							
							UVgOContract award notice
						",,"
							Rechenzentrum der Finanzverwaltung des Landes NRW
						","javascript:openProjectPopup('/VMPCenter/public/company/projectForwarding.do?pid=987270', '987270');"
"
									26.06.2024 ",n.a.,"
							Lieferung von Apple iPads und Zubehör nebst Erbringung von Dienstleistungen
						","
							
							UVgOContract award notice
						",,"
							Stadt Langenfeld Rhld. - ZVS
						","javascript:openProjectPopup('/VMPCenter/public/company/projectForwarding.do?pid=987668', '987668');"
"
									27.06.2024 ",n.a.,"
							Umstellung bestehender Einzellizenzen auf eine RZ-Generallizenz hr-easy audit der solutions GmbH
						","
							
							UVgOContract award notice
						",,"
							Stadt Münster Citeq
						","javascript:openProjectPopup('/VMPCenter/public/company/projectForwarding.do?pid=988194', '988194');"
"
									27.06.2024 ",n.a.,"
							IPC5-CentricStor
						","
							
							UVgOContract award notice
						",,"
							Rechenzentrum der Finanzverwaltung des Landes NRW
						","javascript:openProjectPopup('/VMPCenter/public/company/projectForwarding.do?pid=988320', '988320');"
"
									03.07.2024 ",n.a.,"
							Lieferung von 30 Stück Notebooks für die Gesamtschule Heinsberg-Waldfeucht
						","
							
							UVgOContract award notice
						",,"
							Stadt Heinsberg
						","javascript:openProjectPopup('/VMPCenter/public/company/projectForwarding.do?pid=989740', '989740');"
"
									09.07.2024 ",n.a.,"
							IT-Dienstleistung
						","
							
							UVgOContract award notice
						",,"
							Zentrale Beschaffung
						","javascript:openProjectPopup('/VMPCenter/public/company/projectForwarding.do?pid=991942', '991942');"
"
									09.07.2024 ",n.a.,"
							Erweiterung eines Rechenclusters
						","
							
							UVgOContract award notice
						",,"
							Ruhr-Universität Bochum
						","javascript:openProjectPopup('/VMPCenter/public/company/projectForwarding.do?pid=992146', '992146');"
"
									09.07.2024 ",n.a.,"
							Ex-Post Lieferung von Convertible Notebooks
						","
							
							UVgOContract award notice
						",,"
							Kreis Coesfeld
						","javascript:openProjectPopup('/VMPCenter/public/company/projectForwarding.do?pid=992200', '992200');"
"
									10.07.2024 ",n.a.,"
							Ausbau SAN-Infrastruktur
						","
							
							UVgOContract award notice
						",,"
							Institut der Feuerwehr NRW
						","javascript:openProjectPopup('/VMPCenter/public/company/projectForwarding.do?pid=992282', '992282');"
"
									11.07.2024 ",n.a.,"
							Kauf Laptops
						","
							
							UVgOContract award notice
						",,"
							Kultur Ruhr GmbH
						","javascript:openProjectPopup('/VMPCenter/public/company/projectForwarding.do?pid=993150', '993150');"
"
									12.07.2024 ",n.a.,"
							Abschluss über einen Vertrag über die Miete und Instandhaltung von einem Druck-/Kopiergerät für die Landgerichte Dortmund und Hagen und Staatsanwaltschaft Bochum
						","
							
							UVgOContract award notice
						",,"
							Präsidentin des Oberlandesgerichts Hamm
						","javascript:openProjectPopup('/VMPCenter/public/company/projectForwarding.do?pid=993830', '993830');"
"
									17.07.2024 ",n.a.,"
							Beschaffung von Citrix Virtual Apps License
						","
							
							UVgOContract award notice
						",,"
							Stadt Lüdenscheid
						","javascript:openProjectPopup('/VMPCenter/public/company/projectForwarding.do?pid=994898', '994898');"
"
									17.07.2024 ",n.a.,"
							Universität zu Köln - Samsung Galaxy Tab Active5
						","
							
							UVgOContract award notice
						",,"
							Universität zu Köln, Abteilung 64 - Einkauf
						","javascript:openProjectPopup('/VMPCenter/public/company/projectForwarding.do?pid=995068', '995068');"
"
									22.07.2024 ",n.a.,"
							Außenrückgabe inkl. Medientransport- und Sortieranlage für die Stadtbücherei Coesfeld
						","
							
							UVgOContract award notice
						",,"
							Stadt Coesfeld
						","javascript:openProjectPopup('/VMPCenter/public/company/projectForwarding.do?pid=996518', '996518');"
"
									23.07.2024 ",n.a.,"
							Lieferung von Monitoren für div. Berufsschulen in Kreis Recklinghausen
						","
							
							UVgOContract award notice
						",,"
							Gemeinsame Kommunale Datenzentrale Recklinghausen
						","javascript:openProjectPopup('/VMPCenter/public/company/projectForwarding.do?pid=996980', '996980');"
"
									23.07.2024 ",n.a.,"
							Geschlossenes System PC+Monitor BK-Castrop-Rauxel
						","
							
							UVgOContract award notice
						",,"
							Gemeinsame Kommunale Datenzentrale Recklinghausen
						","javascript:openProjectPopup('/VMPCenter/public/company/projectForwarding.do?pid=996978', '996978');"
"
									23.07.2024 ",n.a.,"
							Lieferung von Desktop PCs für das Hans-Böckler Berufskolleg
						","
							
							UVgOContract award notice
						",,"
							Gemeinsame Kommunale Datenzentrale Recklinghausen
						","javascript:openProjectPopup('/VMPCenter/public/company/projectForwarding.do?pid=997134', '997134');"
"
									23.07.2024 ",n.a.,"
							Ankauf gebrauchter Hardware aus lfd. Mietvertrag und Lizenz-Upgrade
						","
							
							UVgOContract award notice
						",,"
							Stadt Brühl - Zentrale Vergabestelle
						","javascript:openProjectPopup('/VMPCenter/public/company/projectForwarding.do?pid=997252', '997252');"
"
									24.07.2024 ",n.a.,"
							Interaktive Tafeln für die Schulen der Schloss - Stadt Hückeswagen 2024
						","
							
							UVgOContract award notice
						",,"
							Schloss-Stadt Hückeswagen
						","javascript:openProjectPopup('/VMPCenter/public/company/projectForwarding.do?pid=997654', '997654');"
"
									24.07.2024 ",n.a.,"
							HW Firewall
						","
							
							UVgOContract award notice
						",,"
							Rechenzentrum der Finanzverwaltung des Landes NRW
						","javascript:openProjectPopup('/VMPCenter/public/company/projectForwarding.do?pid=997734', '997734');"
"
									25.07.2024 ",n.a.,"
							Beschaffung von 200 Feuerwehrhelmen für die Feuerwehr Erftstadt
						","
							
							UVgOContract award notice
						",,"
							Stadt Erftstadt
						","javascript:openProjectPopup('/VMPCenter/public/company/projectForwarding.do?pid=998006', '998006');"
"
									25.07.2024 ",n.a.,"
							Rückversetzung: Ladecases für mobile Endgeräte in Schulen
						","
							
							UVgOContract award notice
						",,"
							Vergabe und Beschaffungszentrum Dortmund
						","javascript:openProjectPopup('/VMPCenter/public/company/projectForwarding.do?pid=998228', '998228');"
"
									30.07.2024 ",n.a.,"
							Sanierung einer ehemaligen Hauptschule, Fachraumausstattung Technik- und Werkraum
						","
							
							UVgOContract award notice
						",,"
							Stadt Ahlen
						","javascript:openProjectPopup('/VMPCenter/public/company/projectForwarding.do?pid=999726', '999726');"
"
									30.07.2024 ",n.a.,"
							Lieferung aktiver Netzwerktechnik (Firewall) für den Kreis Heinsberg
						","
							
							UVgOContract award notice
						",,"
							Kreis Heinsberg
						","javascript:openProjectPopup('/VMPCenter/public/company/projectForwarding.do?pid=999744', '999744');"
"
									31.07.2024 ",n.a.,"
							Installationen
						","
							
							UVgOContract award notice
						",,"
							Rechenzentrum der Finanzverwaltung des Landes NRW
						","javascript:openProjectPopup('/VMPCenter/public/company/projectForwarding.do?pid=999840', '999840');"
"
									31.07.2024 ",n.a.,"
							Serverraum Installationen
						","
							
							UVgOContract award notice
						",,"
							Rechenzentrum der Finanzverwaltung des Landes NRW
						","javascript:openProjectPopup('/VMPCenter/public/company/projectForwarding.do?pid=1000074', '1000074');"
"
									31.07.2024 ",n.a.,"
							Modernisierung BK-Serverraum
						","
							
							UVgOContract award notice
						",,"
							Rechenzentrum der Finanzverwaltung des Landes NRW
						","javascript:openProjectPopup('/VMPCenter/public/company/projectForwarding.do?pid=1000106', '1000106');"
"
									31.07.2024 ",n.a.,"
							Tower PC mit integriertem Writeblocker
						","
							
							UVgOContract award notice
						",,"
							Rechenzentrum der Finanzverwaltung des Landes NRW
						","javascript:openProjectPopup('/VMPCenter/public/company/projectForwarding.do?pid=1000190', '1000190');"
"
									01.08.2024 ",n.a.,"
							Dell Precision 3660/7960-Tower
						","
							
							UVgOContract award notice
						",,"
							Westfälische Hochschule
						","javascript:openProjectPopup('/VMPCenter/public/company/projectForwarding.do?pid=1000640', '1000640');"
"
									01.08.2024 ",n.a.,"
							Lieferung und Montage von 7 digitalen Tafeln sowie Demontage und Entsorgung der vorhandenen Tafelsysteme
						","
							
							UVgOContract award notice
						",,"
							Stadt Netphen
						","javascript:openProjectPopup('/VMPCenter/public/company/projectForwarding.do?pid=1000686', '1000686');"
"
									05.08.2024 ",n.a.,"
							Gremien- und Sitzungsmanagement
						","
							
							UVgOContract award notice
						",,"
							Essener Systemhaus
						","javascript:openProjectPopup('/VMPCenter/public/company/projectForwarding.do?pid=1001526', '1001526');"
"
									06.08.2024 ",n.a.,"
							Rahmenvertrag Whiteboards 2024
						","
							
							UVgOContract award notice
						",,"
							RWTH Aachen University
						","javascript:openProjectPopup('/VMPCenter/public/company/projectForwarding.do?pid=1002128', '1002128');"
"
									07.08.2024 ",n.a.,"
							Lieferung und Inbetriebnahme von Medientechnik
						","
							
							UVgOContract award notice
						",,"
							Landeshauptstadt Düsseldorf, Der Oberbürgermeister, Amt für Recht, Vergabe und Versicherungen, Zentrale Vergabestelle
						","javascript:openProjectPopup('/VMPCenter/public/company/projectForwarding.do?pid=1002422', '1002422');"
"
									08.08.2024 ",n.a.,"
							Blendschutz Märkischer Turm
						","
							
							UVgOContract award notice
						",,"
							Bezirksregierung Arnsberg
						","javascript:openProjectPopup('/VMPCenter/public/company/projectForwarding.do?pid=1002790', '1002790');"
"
									09.08.2024 ",n.a.,"
							Bundesstadt Bonn - Lieferung von 25 3D-Druckern für verschiedene Bonner Schulen
						","
							
							UVgOContract award notice
						",,"
							Bundesstadt Bonn - Referat Vergabedienste
						","javascript:openProjectPopup('/VMPCenter/public/company/projectForwarding.do?pid=1003090', '1003090');"
"
									15.08.2024 ",n.a.,"
							15 Multifunktionsgeräte mit Wartungsvertrag
						","
							
							UVgOContract award notice
						",,"
							Rheinisch-Bergischer Kreis, IT-Service
						","javascript:openProjectPopup('/VMPCenter/public/company/projectForwarding.do?pid=1004994', '1004994');"
"
									19.08.2024 ",n.a.,"
							Ex post Lieferung von Druck und Kopierpapier für das Rathaus sowie die Schulen der Stadt Frechen.
						","
							
							UVgOContract award notice
						",,"
							Stadt Frechen
						","javascript:openProjectPopup('/VMPCenter/public/company/projectForwarding.do?pid=1006062', '1006062');"
"
									20.08.2024 ",n.a.,"
							Werbemittel
						","
							
							UVgOContract award notice
						",,"
							Hochschule Niederrhein
						","javascript:openProjectPopup('/VMPCenter/public/company/projectForwarding.do?pid=1006240', '1006240');"
"
									20.08.2024 ",n.a.,"
							Ex-Post-Veröffentlichung: Beschaffung von Smartboards
						","
							
							UVgOContract award notice
						",,"
							Stadt Dorsten
						","javascript:openProjectPopup('/VMPCenter/public/company/projectForwarding.do?pid=1006482', '1006482');"
"
									21.08.2024 ",n.a.,"
							172 - Wirbelstromprüfgerät
						","
							
							UVgOContract award notice
						",,"
							RWTH Aachen University
						","javascript:openProjectPopup('/VMPCenter/public/company/projectForwarding.do?pid=1006672', '1006672');"
"
									26.08.2024 ",n.a.,"
							Rahmenvereinbarung IT-Clients
						","
							
							UVgOContract award notice
						",,"
							FernUniversität in Hagen
						","javascript:openProjectPopup('/VMPCenter/public/company/projectForwarding.do?pid=1008094', '1008094');"
"
									27.08.2024 ",n.a.,"
							Komponenten Ersatzteillager
						","
							
							UVgOContract award notice
						",,"
							FernUniversität in Hagen
						","javascript:openProjectPopup('/VMPCenter/public/company/projectForwarding.do?pid=1008340', '1008340');"
"
									29.08.2024 ",n.a.,"
							Support und Anbindung CentraXX an HCMS
						","
							
							UVgOContract award notice
						",,"
							Ruhr-Universität Bochum
						","javascript:openProjectPopup('/VMPCenter/public/company/projectForwarding.do?pid=1009318', '1009318');"
"
									02.09.2024 ",n.a.,"
							Hochleistungsserver
						","
							
							UVgOContract award notice
						",,"
							FernUniversität in Hagen
						","javascript:openProjectPopup('/VMPCenter/public/company/projectForwarding.do?pid=1009938', '1009938');"
"
									02.09.2024 ",n.a.,"
							Isilon Erweiterung
						","
							
							UVgOContract award notice
						",,"
							Rechenzentrum der Finanzverwaltung des Landes NRW
						","javascript:openProjectPopup('/VMPCenter/public/company/projectForwarding.do?pid=1010130', '1010130');"
