Published,Submission_deadline,Short_description,Type,Contracting_authority__source,Action_URL
"
									04.08.2024 ","
                                    17.09.2024 ","
							Rahmenvereinbarung zum Anforderungsmanagement sowie zur Projektsteuerung und Qualitätssicherung für die IT-Anwendungen der wasserwirtschaftlichen Fachprozesse
						","
							
							VgVNotice
						","
							Landesamt für Umwelt
						","javascript:openProjectPopup('/VMPCenter/public/company/projectForwarding.do?pid=50243', '50243');"
"
									08.08.2024 ","
                                    13.09.2024 ","
							102 24 RMC Firewall
						","
							
							VgVNotice
						","
							Hochschule Koblenz RMC
						","javascript:openProjectPopup('/VMPCenter/public/company/projectForwarding.do?pid=50293', '50293');"
"
									19.07.2024 ","
                                    06.09.2024 ","
							045-0001#2024/0114-0637
						","
							
							VgVNotice
						","
							Ministerium für Arbeit, Soziales, Transformation und Digitalisierung
						","javascript:openProjectPopup('/VMPCenter/public/company/projectForwarding.do?pid=49996', '49996');"
"
									19.04.2024 ",n.a.,"
							Weiterbetrieb des DataHub Rheinland-Pfalz auf Basis von DataCycle
						","
							
							VgVContract award notice
						","
							Rheinland-Pfalz Tourismus GmbH
						","javascript:openProjectPopup('/VMPCenter/public/company/projectForwarding.do?pid=48646', '48646');"
"
									28.05.2024 ",n.a.,"
							Helpdesk und Datenbank-Management für das landesweite Destinationsmanagementsystem Deskline(R)
						","
							
							VgVContract award notice
						","
							Rheinland-Pfalz Tourismus GmbH
						","javascript:openProjectPopup('/VMPCenter/public/company/projectForwarding.do?pid=49115', '49115');"
"
									06.06.2024 ",n.a.,"
							IT-Services und Support für die Rheinland-Pfalz-Tourismus GmbH
						","
							
							VgVContract award notice
						","
							Rheinland-Pfalz Tourismus GmbH
						","javascript:openProjectPopup('/VMPCenter/public/company/projectForwarding.do?pid=49248', '49248');"
"
									25.07.2024 ",n.a.,"
							IT-Anpassungsentwicklung und Betriebsführungsunterstützung der IT-Fachanwendung EF RLP (Individualsoftware)
						","
							
							VgVContract award notice
						","
							Ministerium für Klimaschutz, Umwelt, Energie und Mobilität Rheinland-Pfalz
						","javascript:openProjectPopup('/VMPCenter/public/company/projectForwarding.do?pid=50093', '50093');"
"
									13.08.2024 ",n.a.,"
							Weiterentwicklung Daten- und Informationsplattform (DIP) 2024
						","
							
							VgVContract award notice
						","
							Landesbetrieb Daten und Information Rheinland-Pfalz (LDI)
						","javascript:openProjectPopup('/VMPCenter/public/company/projectForwarding.do?pid=50353', '50353');"
"
									30.08.2024 ",n.a.,"
							Entwicklung einer EDV unter Berücksichtigung der maßgebeblichen Informations- und Geldflüsse sowie Pflichten und jeweiligen Fristen der zuständigen Stelle nach dem Pflegeberufegesetz
						","
							
							VgVContract award notice
						","
							Landesamt für Soziales, Jugend und Versorgung RLP
						","javascript:openProjectPopup('/VMPCenter/public/company/projectForwarding.do?pid=50597', '50597');"
"
									26.08.2024 ","
                                    10.09.2024 ","
							Rechts- und Fachberatung sowie Visualisierung zur Erarbeitung des LEP5-Entwurfs
						","
							
							UVgONotice
						","
							Ministerium des Innern und für Sport
						","javascript:openProjectPopup('/VMPCenter/public/company/projectForwarding.do?pid=50523', '50523');"
"
									19.04.2024 ",n.a.,"
							Publish & Read Paket 2024
						","
							
							UVgOContract award notice
						","
							Universität Trier
						","javascript:openProjectPopup('/VMPCenter/public/company/projectForwarding.do?pid=48670', '48670');"
"
									19.06.2024 ",n.a.,"
							ERP-System|Beratung IT-Unterstützung
						","
							
							UVgOContract award notice
						","
							Universität Trier
						","javascript:openProjectPopup('/VMPCenter/public/company/projectForwarding.do?pid=49474', '49474');"
"
									20.06.2024 ",n.a.,"
							Lizenzwartung Checkpoint
						","
							
							UVgOContract award notice
						","
							Landesamt für Umwelt
						","javascript:openProjectPopup('/VMPCenter/public/company/projectForwarding.do?pid=49478', '49478');"
"
									20.06.2024 ",n.a.,"
							059 24 RAC Vergebener Auftrag
						","
							
							UVgOContract award notice
						","
							Hochschule Koblenz RMC
						","javascript:openProjectPopup('/VMPCenter/public/company/projectForwarding.do?pid=49488', '49488');"
