Published,Submission_deadline,Short_description,Type,Type1,Contracting_authority__source,Action_URL
"
									08.01.2023 ","
                                    08.02.2023 ","
							Lieferung, Installation, Anbindung und Inbetriebnahme eines Last - und Lademanagementsys-tems für DC-Busladetechnik sowie Erweiterung des bestehenden Betriebshofmanagementsys-tems
						","
							
							SektVOCFC
						",CFC,"
							Stadtwerke Bonn GmbH
						","javascript:openProjectPopup('/VMPCenter/public/company/projectForwarding.do?pid=818589', '818589');"
"
									31.08.2024 ","
                                    01.10.2024 ","
							SAP-Partnervertrag Migration
						","
							
							SektVOCFC
						",CFC,"
							rku.it GmbH
						","javascript:openProjectPopup('/VMPCenter/public/company/projectForwarding.do?pid=1009780', '1009780');"
"
									31.08.2024 ","
                                    01.10.2024 ","
							SAP-Partnervertrag Core
						","
							
							SektVOCFC
						",CFC,"
							rku.it GmbH
						","javascript:openProjectPopup('/VMPCenter/public/company/projectForwarding.do?pid=1009778', '1009778');"
"
									03.11.2016 ",n.a.,"
							Trend Micro Smart Protection Complete
						","
							
							VOL/APrior information notice
						",,"
							Rhein. Berg. Kreis, IT-Service
						","javascript:openProjectPopup('/VMPCenter/public/company/projectForwarding.do?pid=196167', '196167');"
"
									09.07.2021 ","
                                    30.12.2025 ","
							Dynamisches Beschaffungssystem - Digitalisierung von Papierakten
						","
							
							VgVCFC
						",CFC,"
							Stadt Münster, Zentrales Vergabemanagement
						","javascript:openProjectPopup('/VMPCenter/public/company/projectForwarding.do?pid=654161', '654161');"
"
									14.08.2024 ","
                                    17.09.2024 ","
							LZPD; Beschaffung eines prozessorientierten Rechnungsbearbeitungssystems einschließlich Implementierung, Anpassung an die Systemarchitektur und verschiedener Unterstützungsdienstleistungen
						","
							
							VgVCFC
						",CFC,"
							Landesamt für Zentrale Polizeiliche Dienste NRW
						","javascript:openProjectPopup('/VMPCenter/public/company/projectForwarding.do?pid=1004472', '1004472');"
"
									16.08.2024 ","
                                    16.09.2024 ","
							Rahmenvertrag über Beschaffung einer ePayment-Lösung
						","
							
							VgVCFC
						",CFC,"
							Universität Münster
						","javascript:openProjectPopup('/VMPCenter/public/company/projectForwarding.do?pid=1005596', '1005596');"
"
									17.08.2024 ","
                                    17.09.2024 ","
							Betrieb, Administration und Support der DMS Systemlandschaft (Dokumentenmanagementsystem d.velop documents)
						","
							
							VgVCFC
						",CFC,"
							Universität Siegen
						","javascript:openProjectPopup('/VMPCenter/public/company/projectForwarding.do?pid=1005606', '1005606');"
"
									22.08.2024 ","
                                    26.09.2024 ","
							User-Help-Desk (UHD)
						","
							
							VgVCFC
						",CFC,"
							Landschaftsverband Westfalen-Lippe, Zentrale Einkaufskoordination
						","javascript:openProjectPopup('/VMPCenter/public/company/projectForwarding.do?pid=1007418', '1007418');"
"
									06.10.2023 ",n.a.,"
							Rahmenvereinbarung über die Lieferung elektronischer Schließsysteme
						","
							
							SektVOContract award notice
						",,"
							Energieversorgung Leverkusen GmbH & Co. KG
						","javascript:openProjectPopup('/VMPCenter/public/company/projectForwarding.do?pid=907876', '907876');"
"
									28.08.2024 ","
                                    18.09.2024 ","
							Weiterentwicklung und Support Webseite
						","
							
							OtherNotice
						",,"
							KölnBusiness Wirtschaftsförderungs-GmbH
						","javascript:openProjectPopup('/VMPCenter/public/company/projectForwarding.do?pid=1008896', '1008896');"
"
									08.12.2013 ",n.a.,"
							Consulting Eternus 
						","
							
							VOL/AContract award notice
						",,"
							RZF NRWS
						","javascript:openProjectPopup('/VMPCenter/public/company/projectForwarding.do?pid=86468', '86468');"
"
									24.06.2024 ",n.a.,"
							Wartungsvertrag ANSYS Mechanical CFD - Ex post
						","
							
							VOL/AContract award notice
						",,"
							Hochschule Niederrhein
						","javascript:openProjectPopup('/VMPCenter/public/company/projectForwarding.do?pid=986760', '986760');"
"
									21.08.2024 ",n.a.,"
							Bekanntmachung Nachtragsvereinbarung S-ESG-Score
						","
							
							VgVPrior information notice
						",,"
							NRW.BANK AöR
						","javascript:openProjectPopup('/VMPCenter/public/company/projectForwarding.do?pid=1006778', '1006778');"
"
									03.09.2024 ",n.a.,"
							Beschaffung einer Software für Kommunales Finanzmanagement
						","
							
							OtherContract award notice
						",,"
							Stadt Wetter Ruhr
						","javascript:openProjectPopup('/VMPCenter/public/company/projectForwarding.do?pid=1010440', '1010440');"
"
									19.06.2019 ",n.a.,"
							Prozessmodellierungsplattform
						","
							
							UVgOPrior information notice
						",,"
							Ruhr-Universität Bochum
						","javascript:openProjectPopup('/VMPCenter/public/company/projectForwarding.do?pid=429055', '429055');"
"
									26.08.2024 ",n.a.,"
							Bereitstellung eines Chatbots für die Stadt Hamm
						","
							
							UVgOPrior information notice
						",,"
							Stadt Hamm, Bauverwaltungsamt, Zentrale Submissionsstelle
						","javascript:openProjectPopup('/VMPCenter/public/company/projectForwarding.do?pid=1008150', '1008150');"
"
									28.08.2024 ",n.a.,"
							Begleitung der Entwicklung eines Medizinproduktes (Software) und die Vorbereitung zur anschließenden Inverkehrbringung
						","
							
							UVgOPrior information notice
						",,"
							Universitätsklinikum Münster
						","javascript:openProjectPopup('/VMPCenter/public/company/projectForwarding.do?pid=1008744', '1008744');"
"
									15.05.2020 ","
                                    22.06.2020 ","
							Rahmenvereinbarung Baugenehmigungsverfahren
						","
							
							VgVNotice
						",,"
							Kommunales Rechenzentrum Minden-Ravensberg/Lippe
						","javascript:openProjectPopup('/VMPCenter/public/company/projectForwarding.do?pid=523271', '523271');"
"
									23.07.2024 ","
                                    06.09.2024 ","
							Veeam Supportverlängerung
						","
							
							VgVNotice
						",,"
							Technische Universität Dortmund
						","javascript:openProjectPopup('/VMPCenter/public/company/projectForwarding.do?pid=997374', '997374');"
"
									25.07.2024 ","
                                    20.09.2024 ","
							M365 Backup-Lösung
						","
							
							VgVNotice
						",,"
							Stadt Bochum, Referat Zentraler Einkauf
						","javascript:openProjectPopup('/VMPCenter/public/company/projectForwarding.do?pid=998732', '998732');"
"
									08.08.2024 ","
                                    11.09.2024 ","
							Rahmenvereinbarung über die Erneuerung der VoIP Lizensierung inkl. Software-Wartung
						","
							
							VgVNotice
						",,"
							Vergabe und Beschaffungszentrum Dortmund
						","javascript:openProjectPopup('/VMPCenter/public/company/projectForwarding.do?pid=1002688', '1002688');"
"
									09.08.2024 ","
                                    11.09.2024 ","
							BoWE - IT - Migration virtuelle Infrastruktur
						","
							
							VgVNotice
						",,"
							WirtschaftsEntwicklungsGesellschaft Bochum mbH
						","javascript:openProjectPopup('/VMPCenter/public/company/projectForwarding.do?pid=1003164', '1003164');"
"
									09.08.2024 ","
                                    09.09.2024 ","
							149 - Beratungsleistung im Rahmen der SAP Phase IV
						","
							
							VgVNotice
						",,"
							RWTH Aachen University
						","javascript:openProjectPopup('/VMPCenter/public/company/projectForwarding.do?pid=1003208', '1003208');"
"
									11.08.2024 ","
                                    13.09.2024 ","
							Betriebsvertrag Netzwerk-Sicherheit
						","
							
							VgVNotice
						",,"
							Verkehrsverbund Rhein-Ruhr AöR
						","javascript:openProjectPopup('/VMPCenter/public/company/projectForwarding.do?pid=1003490', '1003490');"
"
									14.08.2024 ","
                                    17.09.2024 ","
							Rahmenvereinbarung über die Erbringung von Dienstleistungen in 18 Losen
						","
							
							VgVNotice
						",,"
							Rechenzentrum der Finanzverwaltung des Landes NRW
						","javascript:openProjectPopup('/VMPCenter/public/company/projectForwarding.do?pid=1004458', '1004458');"
"
									16.08.2024 ","
                                    16.09.2024 ","
							RV über den Abkauf und die Verwertung von gebrauchter Hardware mit anschließenden Mini-Wettbewerben
						","
							
							VgVNotice
						",,"
							Rechenzentrum der Finanzverwaltung des Landes NRW
						","javascript:openProjectPopup('/VMPCenter/public/company/projectForwarding.do?pid=1005272', '1005272');"
"
									16.08.2024 ","
                                    16.09.2024 ","
							Fachplaner dc3000 & dcMove
						","
							
							VgVNotice
						",,"
							Universität Bielefeld
						","javascript:openProjectPopup('/VMPCenter/public/company/projectForwarding.do?pid=1005330', '1005330');"
"
									17.08.2024 ","
                                    17.09.2024 ","
							Beschaffung eines beBPo Gateways für die sichere elektronische Kommunikation mit der Justiz
						","
							
							VgVNotice
						",,"
							Gemeinsame Kommunale Datenzentrale Recklinghausen
						","javascript:openProjectPopup('/VMPCenter/public/company/projectForwarding.do?pid=1005688', '1005688');"
"
									18.08.2024 ","
                                    17.09.2024 ","
							HCL Lizenzen 2024-2027
						","
							
							VgVNotice
						",,"
							Vergabe und Beschaffungszentrum Dortmund
						","javascript:openProjectPopup('/VMPCenter/public/company/projectForwarding.do?pid=1005810', '1005810');"
"
									21.08.2024 ","
                                    20.09.2024 ","
							Ausweitung der bestehenden Sophos Infrastruktur
						","
							
							VgVNotice
						",,"
							Universität Bielefeld
						","javascript:openProjectPopup('/VMPCenter/public/company/projectForwarding.do?pid=1006704', '1006704');"
"
									18.08.2024 ","
                                    16.09.2024 ","
							Penetrationstests für die KZVWL
						","
							
							VgVNotice
						",,"
							Kassenzahnärztliche Vereinigung WL
						","javascript:openProjectPopup('/VMPCenter/public/company/projectForwarding.do?pid=1005874', '1005874');"
"
									21.08.2024 ","
                                    30.09.2024 ","
							visuelle Straßenzustandserfassung 1. Kampagne Stadtbezirk Lindenthal (Los 5)
						","
							
							VgVNotice
						",,"
							Stadt Köln - Amt für Recht, Vergabe und Versicherungen
						","javascript:openProjectPopup('/VMPCenter/public/company/projectForwarding.do?pid=1006836', '1006836');"
"
									22.08.2024 ","
                                    23.09.2024 ","
							RV Beratungs-/Unterstützungsdienstleistungen  Informationssicherheit bei IT.NRW (3 Lose)
						","
							
							VgVNotice
						",,"
							Landesbetrieb Information und Technik NRW
						","javascript:openProjectPopup('/VMPCenter/public/company/projectForwarding.do?pid=1007126', '1007126');"
"
									25.08.2024 ","
                                    24.09.2024 ","
							SAP Modulberatung
						","
							
							VgVNotice
						",,"
							FernUniversität in Hagen
						","javascript:openProjectPopup('/VMPCenter/public/company/projectForwarding.do?pid=1007936', '1007936');"
"
									25.08.2024 ","
                                    26.09.2024 ","
							Scandienstleistungen
						","
							
							VgVNotice
						",,"
							Stadt Bergisch Gladbach
						","javascript:openProjectPopup('/VMPCenter/public/company/projectForwarding.do?pid=1008002', '1008002');"
"
									25.08.2024 ","
                                    23.09.2024 ","
							Entwicklung einer Urban Data Platform (UDP) im Rahmen des Förderprogramms ""Digitalisierung kommunaler Verkehrssysteme"" (DkV)
						","
							
							VgVNotice
						",,"
							Stadt Lüdenscheid
						","javascript:openProjectPopup('/VMPCenter/public/company/projectForwarding.do?pid=1008012', '1008012');"
"
									23.08.2024 ","
                                    24.09.2024 ","
							Abonnement von Citrix-Cloud-Lizenzen (2025-2029)
						","
							
							VgVNotice
						",,"
							Regionalverband Ruhr
						","javascript:openProjectPopup('/VMPCenter/public/company/projectForwarding.do?pid=1008048', '1008048');"
"
									19.07.2024 ","
                                    10.09.2024 ","
							Software Shop
						","
							
							VgVNotice
						",,"
							RWTH Aachen University
						","javascript:openProjectPopup('/VMPCenter/public/company/projectForwarding.do?pid=996394', '996394');"
"
									29.08.2024 ","
                                    26.09.2024 ","
							VMware Lizenzen
						","
							
							VgVNotice
						",,"
							Universitätsklinikum Düsseldorf AÖR
						","javascript:openProjectPopup('/VMPCenter/public/company/projectForwarding.do?pid=1009190', '1009190');"
"
									30.08.2024 ","
                                    30.09.2024 ","
							RV 2024-2028 OZG und E-Government
						","
							
							VgVNotice
						",,"
							d-NRW AöR
						","javascript:openProjectPopup('/VMPCenter/public/company/projectForwarding.do?pid=1009556', '1009556');"
"
									03.09.2024 ","
                                    08.10.2024 ","
							Rahmenvereinbarung zur Erbringung einer Dienstleistung als IT Sicherheitsarchitekt:in
						","
							
							VgVNotice
						",,"
							Rechenzentrum der Finanzverwaltung des Landes NRW
						","javascript:openProjectPopup('/VMPCenter/public/company/projectForwarding.do?pid=1010284', '1010284');"
"
									04.04.2020 ",n.a.,"
							LoRaWAN 2.0
						","
							
							VgVContract award notice
						",,"
							Stadt Delbrück
						","javascript:openProjectPopup('/VMPCenter/public/company/projectForwarding.do?pid=510223', '510223');"
"
									15.04.2021 ",n.a.,"
							Umstellung SAP Systemlandschaft auf S4/HANA
						","
							
							VgVContract award notice
						",,"
							Stadt Hagen
						","javascript:openProjectPopup('/VMPCenter/public/company/projectForwarding.do?pid=622705', '622705');"
"
									26.01.2022 ",n.a.,"
							Digitalisierung des Bauaktenarchivs der Stadt Delbrück
						","
							
							VgVContract award notice
						",,"
							Stadt Delbrück
						","javascript:openProjectPopup('/VMPCenter/public/company/projectForwarding.do?pid=711151', '711151');"
"
									01.06.2022 ",n.a.,"
							Digitalisierung des Bauaktenarchivs der Stadt Delbrück 
						","
							
							VgVContract award notice
						",,"
							Stadt Delbrück
						","javascript:openProjectPopup('/VMPCenter/public/company/projectForwarding.do?pid=753011', '753011');"
"
									03.04.2024 ",n.a.,"
							Konzeptions- und Realisierungsleistungen zum Web-Relaunch
						","
							
							VgVContract award notice
						",,"
							Universität Siegen
						","javascript:openProjectPopup('/VMPCenter/public/company/projectForwarding.do?pid=960022', '960022');"
"
									24.04.2024 ",n.a.,"
							Digitalisierung von Mikrofilmen
						","
							
							VgVContract award notice
						",,"
							Vergabe- und Beschaffungszentrum
						","javascript:openProjectPopup('/VMPCenter/public/company/projectForwarding.do?pid=966988', '966988');"
"
									14.05.2024 ",n.a.,"
							Kreis Recklinghausen: Unterstützungsleistungen im IT-Bereich für 36-48 Monate
						","
							
							VgVContract award notice
						",,"
							Kreis Recklinghausen, Der Landrat
						","javascript:openProjectPopup('/VMPCenter/public/company/projectForwarding.do?pid=972984', '972984');"
"
									26.05.2024 ",n.a.,"
							Neuentwicklung RUHR.TOPCARD Webseite und App
						","
							
							VgVContract award notice
						",,"
							Ruhr Tourismus GmbH
						","javascript:openProjectPopup('/VMPCenter/public/company/projectForwarding.do?pid=976976', '976976');"
"
									07.06.2024 ",n.a.,"
							QUA-LiS NRW: Entwicklung, Hosting, Betrieb, Service und Wartung einer webbasierten Distributionsplattform für Zentrale Prüfungsverfahren in Nordrhein-Westfalen - Bekanntmachung vergebener Aufträge
						","
							
							VgVContract award notice
						",,"
							Qualitäts- und UnterstützungsAgentur - Landesinstitut für Schule - QUA-LiS NRW
						","javascript:openProjectPopup('/VMPCenter/public/company/projectForwarding.do?pid=981116', '981116');"
"
									12.06.2024 ",n.a.,"
							D3-Umstrukturierung der Posteingangsbearbeitung
						","
							
							VgVContract award notice
						",,"
							Kreisstadt Unna - Zentrale Vergabestelle
						","javascript:openProjectPopup('/VMPCenter/public/company/projectForwarding.do?pid=982538', '982538');"
"
									13.06.2024 ",n.a.,"
							RV über die Erbringung von Dienstleistungen in 8 Losen
						","
							
							VgVContract award notice
						",,"
							Rechenzentrum der Finanzverwaltung des Landes NRW
						","javascript:openProjectPopup('/VMPCenter/public/company/projectForwarding.do?pid=983078', '983078');"
"
									14.06.2024 ",n.a.,"
							Elektronisches Schließsystem einschließlich Software für Liegenschaften des jobcenter rhein-sieg
						","
							
							VgVContract award notice
						",,"
							jobcenter rhein-sieg
						","javascript:openProjectPopup('/VMPCenter/public/company/projectForwarding.do?pid=983662', '983662');"
"
									14.06.2024 ",n.a.,"
							Erneuerung des Sicherheitsleitsystem für den Sicherheitsdienst
						","
							
							VgVContract award notice
						",,"
							Universitätsklinikum Aachen AöR
						","javascript:openProjectPopup('/VMPCenter/public/company/projectForwarding.do?pid=983678', '983678');"
"
									16.06.2024 ",n.a.,"
							SOC inkl. SIEM System
						","
							
							VgVContract award notice
						",,"
							Klinikum Dortmund gGmbH
						","javascript:openProjectPopup('/VMPCenter/public/company/projectForwarding.do?pid=984080', '984080');"
"
									19.06.2024 ",n.a.,"
							Handelspartnerrahmenvertrag zur Lieferung von Microsoft Softwareprodukten sowie Dienstleistungen
						","
							
							VgVContract award notice
						",,"
							Stadt Marl - Amt für Klimaschutz und Nachhaltigkeit - Zentrale Vergabestelle
						","javascript:openProjectPopup('/VMPCenter/public/company/projectForwarding.do?pid=985054', '985054');"
"
									23.06.2024 ",n.a.,"
							Beratungsleistungen zur Durchführung einer SAP S/4HANA Transformation
						","
							
							VgVContract award notice
						",,"
							Einkauf der Stadt Duisburg (10-31)
						","javascript:openProjectPopup('/VMPCenter/public/company/projectForwarding.do?pid=986454', '986454');"
"
									26.06.2024 ",n.a.,"
							Dynamisches Beschaffungssystem (2021-0544-18) - 6. Wettbewerb - Digitalisierung der Bestandsakten des Gesundheits- und Veterinäramt der Stadt Münster
						","
							
							VgVContract award notice
						",,"
							Stadt Münster
						","javascript:openProjectPopup('/VMPCenter/public/company/projectForwarding.do?pid=987534', '987534');"
"
									27.06.2024 ",n.a.,"
							SAP Contract Conversion: Lizenzen
						","
							
							VgVContract award notice
						",,"
							Stadt Bochum, Referat Zentraler Einkauf
						","javascript:openProjectPopup('/VMPCenter/public/company/projectForwarding.do?pid=987972', '987972');"
"
									05.07.2024 ",n.a.,"
							Digitalisierung des Hausaktenarchivs und weiterer Archive des Bauamtes
						","
							
							VgVContract award notice
						",,"
							Stadt Bielefeld - Amt für Organisation, IT und Zentrale Leistungen
						","javascript:openProjectPopup('/VMPCenter/public/company/projectForwarding.do?pid=990852', '990852');"
"
									09.07.2024 ",n.a.,"
							Beratung und Projektmanagement d.velop documents
						","
							
							VgVContract award notice
						",,"
							Essener Systemhaus
						","javascript:openProjectPopup('/VMPCenter/public/company/projectForwarding.do?pid=991898', '991898');"
"
									13.07.2024 ",n.a.,"
							Projekt: Enterprise Mobility Management
						","
							
							VgVContract award notice
						",,"
							Stadt Bielefeld - Amt für Organisation, IT und Zentrale Leistungen
						","javascript:openProjectPopup('/VMPCenter/public/company/projectForwarding.do?pid=993884', '993884');"
"
									14.07.2024 ",n.a.,"
							KI4KL
						","
							
							VgVContract award notice
						",,"
							Westfälische Hochschule
						","javascript:openProjectPopup('/VMPCenter/public/company/projectForwarding.do?pid=993940', '993940');"
"
									14.07.2024 ",n.a.,"
							KI4KL
						","
							
							VgVContract award notice
						",,"
							Westfälische Hochschule
						","javascript:openProjectPopup('/VMPCenter/public/company/projectForwarding.do?pid=993960', '993960');"
"
									17.07.2024 ",n.a.,"
							Dynamisches Beschaffungssystem (2021-0544-18) - 8. Wettbewerb - Digitalisierung der Bestandsakten des Sportamtes der Stadt Münster
						","
							
							VgVContract award notice
						",,"
							Stadt Münster
						","javascript:openProjectPopup('/VMPCenter/public/company/projectForwarding.do?pid=994938', '994938');"
"
									18.07.2024 ",n.a.,"
							Beratungs- und Entwicklungsleistungen E-Akte NRW
						","
							
							VgVContract award notice
						",,"
							Universität Bielefeld
						","javascript:openProjectPopup('/VMPCenter/public/company/projectForwarding.do?pid=995506', '995506');"
"
									19.07.2024 ",n.a.,"
							ERP Beratungsleistung
						","
							
							VgVContract award notice
						",,"
							Technische Hochschule Köln
						","javascript:openProjectPopup('/VMPCenter/public/company/projectForwarding.do?pid=996060', '996060');"
"
									21.07.2024 ",n.a.,"
							Softwarewartung (Maintenance) 01.07.2024 - 30.06.2025 und Lizenzerweiterung OpenText-Produkte
						","
							
							VgVContract award notice
						",,"
							Hochsauerlandkreis
						","javascript:openProjectPopup('/VMPCenter/public/company/projectForwarding.do?pid=996384', '996384');"
"
									24.07.2024 ",n.a.,"
							Einführung, Betrieb und Support einer Mitarbeitenden-App
						","
							
							VgVContract award notice
						",,"
							Stadt Krefeld - Fachbereich Verwaltungssteuerung und -service
						","javascript:openProjectPopup('/VMPCenter/public/company/projectForwarding.do?pid=997396', '997396');"
"
									26.07.2024 ",n.a.,"
							Umsetzung Relaunch Intranet und Website der Deutschen Sporthochschule Köln
						","
							
							VgVContract award notice
						",,"
							Deutsche Sporthochschule Köln
						","javascript:openProjectPopup('/VMPCenter/public/company/projectForwarding.do?pid=998660', '998660');"
"
									27.07.2024 ",n.a.,"
							Wartung Telefonanlage Unify
						","
							
							VgVContract award notice
						",,"
							Universität Münster
						","javascript:openProjectPopup('/VMPCenter/public/company/projectForwarding.do?pid=998814', '998814');"
"
									28.07.2024 ",n.a.,"
							Regionale Befahrung Geonetzwerk.metropoleRuhr
						","
							
							VgVContract award notice
						",,"
							Regionalverband Ruhr
						","javascript:openProjectPopup('/VMPCenter/public/company/projectForwarding.do?pid=998842', '998842');"
"
									01.08.2024 ",n.a.,"
							NRW.BANK - Vergabe Web-Entwicklung im Portale-Umfeld
						","
							
							VgVContract award notice
						",,"
							NRW.BANK AöR
						","javascript:openProjectPopup('/VMPCenter/public/company/projectForwarding.do?pid=1000380', '1000380');"
"
									01.08.2024 ",n.a.,"
							Einkauf Personalmanagementsoftware LogaHR
						","
							
							VgVContract award notice
						",,"
							Landrat des Kreises Heinsberg
						","javascript:openProjectPopup('/VMPCenter/public/company/projectForwarding.do?pid=1000422', '1000422');"
"
									08.08.2024 ",n.a.,"
							Kauf und Pflege von Oracle Datenbanklizenzen für das Verfahren DAR für die Polizei NRW
						","
							
							VgVContract award notice
						",,"
							Landesamt für Zentrale Polizeiliche Dienste Nordrhein-Westfalen
						","javascript:openProjectPopup('/VMPCenter/public/company/projectForwarding.do?pid=1002748', '1002748');"
"
									09.08.2024 ",n.a.,"
							Seeburger BIS Beratungsleistung
						","
							
							VgVContract award notice
						",,"
							LVR-InfoKom
						","javascript:openProjectPopup('/VMPCenter/public/company/projectForwarding.do?pid=1003118', '1003118');"
"
									16.08.2024 ",n.a.,"
							Erstellung eines Campusmanagementsystem
						","
							
							VgVContract award notice
						",,"
							Hochschule für Musik und Tanz Köln
						","javascript:openProjectPopup('/VMPCenter/public/company/projectForwarding.do?pid=1005308', '1005308');"
"
									20.08.2024 ",n.a.,"
							Schulserver- Plattformensoftware für Bochumer Schulen
						","
							
							VgVContract award notice
						",,"
							Stadt Bochum, Referat Zentraler Einkauf
						","javascript:openProjectPopup('/VMPCenter/public/company/projectForwarding.do?pid=1006286', '1006286');"
"
									21.08.2024 ",n.a.,"
							Rahmenvereinbarung IT-Dienstleistungen (Jobcenter)
						","
							
							VgVContract award notice
						",,"
							Kreis Recklinghausen, Der Landrat
						","javascript:openProjectPopup('/VMPCenter/public/company/projectForwarding.do?pid=1006718', '1006718');"
"
									27.08.2024 ",n.a.,"
							Dienstleistungen im Bereich Support und Wartung an Schulen des Kreises Euskirchen
						","
							
							VgVContract award notice
						",,"
							Kreis Euskirchen
						","javascript:openProjectPopup('/VMPCenter/public/company/projectForwarding.do?pid=1008444', '1008444');"
"
									27.08.2024 ",n.a.,"
							Externes Projektmanagement ""Weiterentwicklung HISinOne-CM.NRW
						","
							
							VgVContract award notice
						",,"
							Universität Duisburg-Essen
						","javascript:openProjectPopup('/VMPCenter/public/company/projectForwarding.do?pid=1008468', '1008468');"
"
									28.08.2024 ",n.a.,"
							KI4KL
						","
							
							VgVContract award notice
						",,"
							Westfälische Hochschule
						","javascript:openProjectPopup('/VMPCenter/public/company/projectForwarding.do?pid=1008776', '1008776');"
"
									28.08.2024 ",n.a.,"
							Abschluss EVB-IT Vertrag über Entwicklung und Pflege einer App. für den unbaren Zahlungsverkehr, sowie Abschluss Rahmenvereinbarung als Payment Solution Provider für die Polizei NRW
						","
							
							VgVContract award notice
						",,"
							Landesamt für Zentrale Polizeiliche Dienste Nordrhein-Westfalen
						","javascript:openProjectPopup('/VMPCenter/public/company/projectForwarding.do?pid=1008786', '1008786');"
"
									29.08.2024 ",n.a.,"
							Rahmenvereinbarung über die Erweiterung der Voice over IP Technologie ""Avaya Aura"" an verschiedenen Standorten des Landesbetriebes Wald und Holz Nordrhein Westfalen
						","
							
							VgVContract award notice
						",,"
							Wald und Holz NRW
						","javascript:openProjectPopup('/VMPCenter/public/company/projectForwarding.do?pid=1009186', '1009186');"
"
									29.08.2024 ",n.a.,"
							Erweiterungen für das CAFM-System
						","
							
							VgVContract award notice
						",,"
							Bergische Universität Wuppertal Campus Grifflenberg
						","javascript:openProjectPopup('/VMPCenter/public/company/projectForwarding.do?pid=1009182', '1009182');"
"
									29.08.2024 ",n.a.,"
							Schnittstelle KIS Medico / PDMS Copra
						","
							
							VgVContract award notice
						",,"
							Universitätsklinikum Essen (AöR)
						","javascript:openProjectPopup('/VMPCenter/public/company/projectForwarding.do?pid=1009212', '1009212');"
"
									23.07.2024 ","
                                    11.09.2024 ","
							Neuausschreibung WLAN
						","
							
							UVgONotice
						",,"
							Fortbildungsakademie des Ministeriums des Innern des Landes NRW
						","javascript:openProjectPopup('/VMPCenter/public/company/projectForwarding.do?pid=997012', '997012');"
"
									08.08.2024 ","
                                    05.09.2024 ","
							Supportverlängerung Dell Storage
						","
							
							UVgONotice
						",,"
							Stadt Herne
						","javascript:openProjectPopup('/VMPCenter/public/company/projectForwarding.do?pid=1002976', '1002976');"
"
									12.08.2024 ","
                                    13.09.2024 ","
							Skala-Schreibaufgabe
						","
							
							UVgONotice
						",,"
							Universität Duisburg-Essen
						","javascript:openProjectPopup('/VMPCenter/public/company/projectForwarding.do?pid=1003640', '1003640');"
"
									13.08.2024 ","
                                    10.09.2024 ","
							Fahrgasterhebung und Einnahmeabschätzung; Kreis Steinfurt Linienbündel 10
						","
							
							UVgONotice
						",,"
							Kreis Steinfurt
						","javascript:openProjectPopup('/VMPCenter/public/company/projectForwarding.do?pid=1004200', '1004200');"
"
									13.08.2024 ","
                                    10.09.2024 ","
							Incident Response Dienstleistungen
						","
							
							UVgONotice
						",,"
							Rhein-Sieg-Kreis
						","javascript:openProjectPopup('/VMPCenter/public/company/projectForwarding.do?pid=1004288', '1004288');"
"
									13.08.2024 ","
                                    17.09.2024 ","
							ISMS-Software
						","
							
							UVgONotice
						",,"
							Rhein-Sieg-Kreis
						","javascript:openProjectPopup('/VMPCenter/public/company/projectForwarding.do?pid=1004342', '1004342');"
"
									14.08.2024 ","
                                    04.09.2024 ","
							Fortführung zweckverbandsweiter Awarenessmaßnahmen
						","
							
							UVgONotice
						",,"
							Gemeinsame Kommunale Datenzentrale Recklinghausen
						","javascript:openProjectPopup('/VMPCenter/public/company/projectForwarding.do?pid=1004778', '1004778');"
"
									19.08.2024 ","
                                    10.09.2024 ","
							Bluecat DDI - Service- und Hardwareerneuerung
						","
							
							UVgONotice
						",,"
							Hochschule Niederrhein
						","javascript:openProjectPopup('/VMPCenter/public/company/projectForwarding.do?pid=1005926', '1005926');"
"
									22.08.2024 ","
                                    11.10.2024 ","
							Programmierarbeiten zur Weiterentwicklung des WebGIS KomMonitor
						","
							
							UVgONotice
						",,"
							G.I.B. mbH - Gesellschaft für innovative Beschäftigungsförderung mbH
						","javascript:openProjectPopup('/VMPCenter/public/company/projectForwarding.do?pid=1007450', '1007450');"
"
									23.08.2024 ","
                                    16.09.2024 ","
							Projektbegleitung ""Neue Zielgruppen"" am RuhrtalRadweg
						","
							
							UVgONotice
						",,"
							Ruhr Tourismus GmbH
						","javascript:openProjectPopup('/VMPCenter/public/company/projectForwarding.do?pid=1007634', '1007634');"
"
									23.08.2024 ","
                                    20.09.2024 ","
							Vorstudie ""SAP CC.nrw""
						","
							
							UVgONotice
						",,"
							Technische Universität Dortmund
						","javascript:openProjectPopup('/VMPCenter/public/company/projectForwarding.do?pid=1007794', '1007794');"
"
									14.08.2024 ","
                                    16.09.2024 ","
							Anschaffung einer Software für Arbeitsschutz und Arbeitssicherheit, Stadt Greven
						","
							
							UVgONotice
						",,"
							Stadt Greven
						","javascript:openProjectPopup('/VMPCenter/public/company/projectForwarding.do?pid=1004752', '1004752');"
"
									29.08.2024 ","
                                    19.09.2024 ","
							RV DiLo 2025
						","
							
							UVgONotice
						",,"
							Landesamt für Natur, Umwelt und Verbraucherschutz NRW
						","javascript:openProjectPopup('/VMPCenter/public/company/projectForwarding.do?pid=1009306', '1009306');"
"
									30.08.2024 ","
                                    27.09.2024 ","
							Marketingmaßnahmen zur ExtraSchicht und Relaunch Websites zum Tag der Trinkhallen 2026
						","
							
							UVgONotice
						",,"
							Ruhr Tourismus GmbH
						","javascript:openProjectPopup('/VMPCenter/public/company/projectForwarding.do?pid=1009666', '1009666');"
"
									30.08.2024 ","
                                    20.09.2024 ","
							Dienstleistungen für den dezentralen VolP Rollout
						","
							
							UVgONotice
						",,"
							Vergabe und Beschaffungszentrum Dortmund
						","javascript:openProjectPopup('/VMPCenter/public/company/projectForwarding.do?pid=1009674', '1009674');"
"
									26.08.2024 ","
                                    10.09.2024 ","
							Einführung einer Verwaltungssoftware für städtische Tageseinrichtung für Kinder inklusive Eltern-App
						","
							
							UVgONotice
						",,"
							Stadt Recklinghausen
						","javascript:openProjectPopup('/VMPCenter/public/company/projectForwarding.do?pid=1008112', '1008112');"
"
									12.03.2024 ",n.a.,"
							Lizenzen und Beratungsleistung zwecks Einführung der E-Studierendenakte
						","
							
							UVgOContract award notice
						",,"
							Universität Siegen
						","javascript:openProjectPopup('/VMPCenter/public/company/projectForwarding.do?pid=952898', '952898');"
"
									12.03.2024 ",n.a.,"
							Lizenzen für Software Citavi
						","
							
							UVgOContract award notice
						",,"
							Universität Siegen
						","javascript:openProjectPopup('/VMPCenter/public/company/projectForwarding.do?pid=953012', '953012');"
"
									04.04.2024 ",n.a.,"
							Erlebnisroute Smart City Dortmund
						","
							
							UVgOContract award notice
						",,"
							Vergabe und Beschaffungszentrum Dortmund
						","javascript:openProjectPopup('/VMPCenter/public/company/projectForwarding.do?pid=960576', '960576');"
"
									11.04.2024 ",n.a.,"
							Konzeption und Entwicklung eines Proof of Concepts (PoC) für die KI-basierte Ressourcenplanung sowie -steuerung
						","
							
							UVgOContract award notice
						",,"
							Universitätsklinikum Bonn AöR
						","javascript:openProjectPopup('/VMPCenter/public/company/projectForwarding.do?pid=962592', '962592');"
"
									03.06.2024 ",n.a.,"
							174 - ISO/IEC 27001:2022-Zertifizierung Abteilung Netze
						","
							
							UVgOContract award notice
						",,"
							RWTH Aachen University
						","javascript:openProjectPopup('/VMPCenter/public/company/projectForwarding.do?pid=979102', '979102');"
"
									03.06.2024 ",n.a.,"
							Beratungsleistung zum Vergabeverfahren für ein CRM-System
						","
							
							UVgOContract award notice
						",,"
							Universität Paderborn
						","javascript:openProjectPopup('/VMPCenter/public/company/projectForwarding.do?pid=979184', '979184');"
"
									04.06.2024 ",n.a.,"
							Beratungsleistungen IAM
						","
							
							UVgOContract award notice
						",,"
							Hochschule Ruhr West
						","javascript:openProjectPopup('/VMPCenter/public/company/projectForwarding.do?pid=979638', '979638');"
"
									04.06.2024 ",n.a.,"
							Erweiterung und Anpassung des Exit-Game Editors
						","
							
							UVgOContract award notice
						",,"
							Technische Universität Dortmund
						","javascript:openProjectPopup('/VMPCenter/public/company/projectForwarding.do?pid=979706', '979706');"
"
									04.06.2024 ",n.a.,"
							Identity Management Supportvertrag
						","
							
							UVgOContract award notice
						",,"
							FernUniversität in Hagen
						","javascript:openProjectPopup('/VMPCenter/public/company/projectForwarding.do?pid=979798', '979798');"
"
									05.06.2024 ",n.a.,"
							SLA d.velop Beratungs- und Dienstleistungskontingent 1 Jahr
						","
							
							UVgOContract award notice
						",,"
							Fachhochschule Südwestfalen - Vergabestelle
						","javascript:openProjectPopup('/VMPCenter/public/company/projectForwarding.do?pid=979926', '979926');"
"
									05.06.2024 ",n.a.,"
							Instandhaltungs- und Betriebsführungssoftware für die Klärwerke Düsseldorf
						","
							
							UVgOContract award notice
						",,"
							Landeshauptstadt Düsseldorf, Der Oberbürgermeister, Stadtentwässerungsbetrieb
						","javascript:openProjectPopup('/VMPCenter/public/company/projectForwarding.do?pid=980150', '980150');"
"
									06.06.2024 ",n.a.,"
							Lizenzen und Support Videomanagement Medial
						","
							
							UVgOContract award notice
						",,"
							FernUniversität in Hagen
						","javascript:openProjectPopup('/VMPCenter/public/company/projectForwarding.do?pid=980520', '980520');"
"
									07.06.2024 ",n.a.,"
							1x ArcGIS Online GIS Pro Advanced, 20x ArcGIS Online Viewer; Subscription
						","
							
							UVgOContract award notice
						",,"
							Stadt Hagen -FB 15-
						","javascript:openProjectPopup('/VMPCenter/public/company/projectForwarding.do?pid=981210', '981210');"
"
									10.06.2024 ",n.a.,"
							Einführung von strukturierten Überwachungssystemen
						","
							
							UVgOContract award notice
						",,"
							Stadt Brühl - Zentrale Vergabestelle
						","javascript:openProjectPopup('/VMPCenter/public/company/projectForwarding.do?pid=981912', '981912');"
"
									11.06.2024 ",n.a.,"
							ADABAS Re-Hosting
						","
							
							UVgOContract award notice
						",,"
							Rechenzentrum der Finanzverwaltung des Landes NRW
						","javascript:openProjectPopup('/VMPCenter/public/company/projectForwarding.do?pid=982454', '982454');"
"
									12.06.2024 ",n.a.,"
							Infoblox BloxOne Threat Defense (DNS)
						","
							
							UVgOContract award notice
						",,"
							Stadt Hagen -FB 15-
						","javascript:openProjectPopup('/VMPCenter/public/company/projectForwarding.do?pid=982666', '982666');"
"
									13.06.2024 ",n.a.,"
							Software zur digitalen Bauantragsstellung- und Bearbeitung
						","
							
							UVgOContract award notice
						",,"
							Stadt Greven
						","javascript:openProjectPopup('/VMPCenter/public/company/projectForwarding.do?pid=983462', '983462');"
"
									17.06.2024 ",n.a.,"
							Bundesstadt Bonn, Erneuerung des Software-Supportvertrages (12 Monate)
						","
							
							UVgOContract award notice
						",,"
							Bundesstadt Bonn - IT
						","javascript:openProjectPopup('/VMPCenter/public/company/projectForwarding.do?pid=984164', '984164');"
"
									17.06.2024 ",n.a.,"
							Beschaffung der Bibliothekssystemlösung WinBIA
						","
							
							UVgOContract award notice
						",,"
							Bundesstadt Bonn - IT - Amt 10-223
						","javascript:openProjectPopup('/VMPCenter/public/company/projectForwarding.do?pid=984220', '984220');"
"
									17.06.2024 ",n.a.,"
							Beschaffung der webbasierten Version des Orchesterverwaltungsprogrammes OPAS (5 Jahre)
						","
							
							UVgOContract award notice
						",,"
							Bundesstadt Bonn - IT - Amt 10-223
						","javascript:openProjectPopup('/VMPCenter/public/company/projectForwarding.do?pid=984238', '984238');"
"
									17.06.2024 ",n.a.,"
							IT-Administration
						","
							
							UVgOContract award notice
						",,"
							Ruhr-Universität Bochum
						","javascript:openProjectPopup('/VMPCenter/public/company/projectForwarding.do?pid=984290', '984290');"
"
									18.06.2024 ",n.a.,"
							Beschaffung von Lizenzverlängerungen für die Software VMware Horizon für die Feuerwehr Duisburg
						","
							
							UVgOContract award notice
						",,"
							Einkauf der Stadt Duisburg (10-31)
						","javascript:openProjectPopup('/VMPCenter/public/company/projectForwarding.do?pid=984694', '984694');"
"
									21.06.2024 ",n.a.,"
							Upgrade pureStorage
						","
							
							UVgOContract award notice
						",,"
							Landeshauptstadt Düsseldorf, Der Oberbürgermeister, Amt für Recht, Vergabe und Versicherungen, Zentrale Vergabestelle
						","javascript:openProjectPopup('/VMPCenter/public/company/projectForwarding.do?pid=985998', '985998');"
"
									21.06.2024 ",n.a.,"
							Hosting u. Datenbank VHS Software
						","
							
							UVgOContract award notice
						",,"
							Kreis Siegen-Wittgenstein
						","javascript:openProjectPopup('/VMPCenter/public/company/projectForwarding.do?pid=986280', '986280');"
"
									24.06.2024 ",n.a.,"
							Schulung von IT-Administratoren
						","
							
							UVgOContract award notice
						",,"
							Rhein-Sieg-Kreis
						","javascript:openProjectPopup('/VMPCenter/public/company/projectForwarding.do?pid=986564', '986564');"
"
									24.06.2024 ",n.a.,"
							Entwicklung einer Patienten App
						","
							
							UVgOContract award notice
						",,"
							Ruhr-Universität Bochum
						","javascript:openProjectPopup('/VMPCenter/public/company/projectForwarding.do?pid=986596', '986596');"
"
									24.06.2024 ",n.a.,"
							Switches Zyxel XGS1010-12 Unmanages
						","
							
							UVgOContract award notice
						",,"
							Universität Duisburg-Essen
						","javascript:openProjectPopup('/VMPCenter/public/company/projectForwarding.do?pid=986632', '986632');"
"
									25.06.2024 ",n.a.,"
							Smart Softwareprogrammierung
						","
							
							UVgOContract award notice
						",,"
							Universität Duisburg-Essen
						","javascript:openProjectPopup('/VMPCenter/public/company/projectForwarding.do?pid=987100', '987100');"
"
									25.06.2024 ",n.a.,"
							Uni Now Campus App
						","
							
							UVgOContract award notice
						",,"
							Universität Siegen
						","javascript:openProjectPopup('/VMPCenter/public/company/projectForwarding.do?pid=987122', '987122');"
"
									26.06.2024 ",n.a.,"
							Verlängerung Oracle - Teilnahme am Oracle Landesvertrag 05/24 - 05/27
						","
							
							UVgOContract award notice
						",,"
							Technische Universität Dortmund
						","javascript:openProjectPopup('/VMPCenter/public/company/projectForwarding.do?pid=987458', '987458');"
"
									26.06.2024 ",n.a.,"
							Erhöhung der Wartungspauschale Fa. Atos
						","
							
							UVgOContract award notice
						",,"
							Amt für Feuerschutz, Rettungsdienst und Bevölkerungsschutz
						","javascript:openProjectPopup('/VMPCenter/public/company/projectForwarding.do?pid=987800', '987800');"
"
									27.06.2024 ",n.a.,"
							Softwareupdate und Optimierung der ZLT im Rheinalleetunnel
						","
							
							UVgOContract award notice
						",,"
							Landeshauptstadt Düsseldorf, Der Oberbürgermeister, Amt für Recht, Vergabe und Versicherungen, Zentrale Vergabestelle
						","javascript:openProjectPopup('/VMPCenter/public/company/projectForwarding.do?pid=988236', '988236');"
"
									27.06.2024 ",n.a.,"
							Fachaufgabe RMS
						","
							
							UVgOContract award notice
						",,"
							Rechenzentrum der Finanzverwaltung des Landes NRW
						","javascript:openProjectPopup('/VMPCenter/public/company/projectForwarding.do?pid=988326', '988326');"
"
									28.06.2024 ",n.a.,"
							100x Dracoon Pro incl. Virus Protection (Erweiterung zu 23-0432)
						","
							
							UVgOContract award notice
						",,"
							Stadt Hagen -FB 15-
						","javascript:openProjectPopup('/VMPCenter/public/company/projectForwarding.do?pid=988560', '988560');"
"
									02.07.2024 ",n.a.,"
							CTO Multifunktionsgeräte
						","
							
							UVgOContract award notice
						",,"
							RWTH Aachen University
						","javascript:openProjectPopup('/VMPCenter/public/company/projectForwarding.do?pid=989384', '989384');"
"
									02.07.2024 ",n.a.,"
							Abschluss eines Rahmenvertrages für Netzwerk- und WLAN-Second-Level-Support
						","
							
							UVgOContract award notice
						",,"
							Stadt Düren - Hauptamt
						","javascript:openProjectPopup('/VMPCenter/public/company/projectForwarding.do?pid=989478', '989478');"
"
									03.07.2024 ",n.a.,"
							Universität zu Köln - Wartung-NetApp
						","
							
							UVgOContract award notice
						",,"
							Universität zu Köln, Abteilung 64 - Einkauf
						","javascript:openProjectPopup('/VMPCenter/public/company/projectForwarding.do?pid=989866', '989866');"
"
									03.07.2024 ",n.a.,"
							Beschaffung und Wartung von JIVS Archivierungssoftware
						","
							
							UVgOContract award notice
						",,"
							Bundesstadt Bonn - Städtisches Gebäudemanagement Bonn
						","javascript:openProjectPopup('/VMPCenter/public/company/projectForwarding.do?pid=989864', '989864');"
"
									04.07.2024 ",n.a.,"
							Beschaffung von Softwaregrundpaketen und Lizenzerweiterungen für die Software easySoft der Feuerwehr Duisburg
						","
							
							UVgOContract award notice
						",,"
							Einkauf der Stadt Duisburg (10-31)
						","javascript:openProjectPopup('/VMPCenter/public/company/projectForwarding.do?pid=990100', '990100');"
"
									04.07.2024 ",n.a.,"
							Servicevertrag Aufrechterhaltung und Optimierung der zukünftigen HRW Webseite
						","
							
							UVgOContract award notice
						",,"
							Hochschule Ruhr West Standort Mülheim an der Ruhr
						","javascript:openProjectPopup('/VMPCenter/public/company/projectForwarding.do?pid=990374', '990374');"
"
									04.07.2024 ",n.a.,"
							KONSENS GeCo Java-Fullstack
						","
							
							UVgOContract award notice
						",,"
							Rechenzentrum der Finanzverwaltung des Landes NRW
						","javascript:openProjectPopup('/VMPCenter/public/company/projectForwarding.do?pid=990454', '990454');"
"
									05.07.2024 ",n.a.,"
							Aufbau Klimaschutz-Monitoring
						","
							
							UVgOContract award notice
						",,"
							Stadt Köln - Amt für Recht, Vergabe und Versicherungen
						","javascript:openProjectPopup('/VMPCenter/public/company/projectForwarding.do?pid=990974', '990974');"
"
									05.07.2024 ",n.a.,"
							Excel LBF
						","
							
							UVgOContract award notice
						",,"
							Rechenzentrum der Finanzverwaltung des Landes NRW
						","javascript:openProjectPopup('/VMPCenter/public/company/projectForwarding.do?pid=991176', '991176');"
"
									09.07.2024 ",n.a.,"
							Erstellung von Betriebskostenabrechnungen und Gebührenbedarfsberechnungen für den Bereich des Rettungsdienstes / der Leitstelle
						","
							
							UVgOContract award notice
						",,"
							Rhein-Kreis Neuss -Der Landrat- Ordnungsamt
						","javascript:openProjectPopup('/VMPCenter/public/company/projectForwarding.do?pid=992072', '992072');"
"
									10.07.2024 ",n.a.,"
							GBTec BIC Process Execution
						","
							
							UVgOContract award notice
						",,"
							Universität Siegen
						","javascript:openProjectPopup('/VMPCenter/public/company/projectForwarding.do?pid=992726', '992726');"
"
									12.07.2024 ",n.a.,"
							Verlängerung DIGIMU Lizenz
						","
							
							UVgOContract award notice
						",,"
							RWTH Aachen University
						","javascript:openProjectPopup('/VMPCenter/public/company/projectForwarding.do?pid=993758', '993758');"
"
									12.07.2024 ",n.a.,"
							Ex-Post 20 - digitales Fuhrparkmanagement und Fahrtenbuch
						","
							
							UVgOContract award notice
						",,"
							Kreis Coesfeld
						","javascript:openProjectPopup('/VMPCenter/public/company/projectForwarding.do?pid=993840', '993840');"
"
									15.07.2024 ",n.a.,"
							Software für die Feuerwehr Werl
						","
							
							UVgOContract award notice
						",,"
							Wallfahrtsstadt Werl
						","javascript:openProjectPopup('/VMPCenter/public/company/projectForwarding.do?pid=994020', '994020');"
"
									15.07.2024 ",n.a.,"
							Förderprojekt ÖGD - Äskulab Lizenzen
						","
							
							UVgOContract award notice
						",,"
							Stadt Hagen -FB 15-
						","javascript:openProjectPopup('/VMPCenter/public/company/projectForwarding.do?pid=994014', '994014');"
"
									15.07.2024 ",n.a.,"
							Ex-Post 11 - Weiterentwicklung Front Office Ausländerbehörde
						","
							
							UVgOContract award notice
						",,"
							Kreis Coesfeld
						","javascript:openProjectPopup('/VMPCenter/public/company/projectForwarding.do?pid=994030', '994030');"
"
									15.07.2024 ",n.a.,"
							Dienstleistung Beratung IBM-Cognos
						","
							
							UVgOContract award notice
						",,"
							Ruhr-Universität Bochum
						","javascript:openProjectPopup('/VMPCenter/public/company/projectForwarding.do?pid=994094', '994094');"
"
									18.07.2024 ",n.a.,"
							Entwicklung der User Experience und des User Interfaces der digitalen Plattform für integriertes kommunales Nachhaltigkeitsmanagement
						","
							
							UVgOContract award notice
						",,"
							Universität Münster
						","javascript:openProjectPopup('/VMPCenter/public/company/projectForwarding.do?pid=995596', '995596');"
"
									19.07.2024 ",n.a.,"
							Ex-Post 11 - 11 - Erweiterung Datensicherung
						","
							
							UVgOContract award notice
						",,"
							Kreis Coesfeld
						","javascript:openProjectPopup('/VMPCenter/public/company/projectForwarding.do?pid=995972', '995972');"
"
									22.07.2024 ",n.a.,"
							Dokumentenausgabebox
						","
							
							UVgOContract award notice
						",,"
							Stadt Bochum, Referat Zentraler Einkauf
						","javascript:openProjectPopup('/VMPCenter/public/company/projectForwarding.do?pid=996628', '996628');"
"
									22.07.2024 ",n.a.,"
							Apple Support für Bochumer Schulen
						","
							
							UVgOContract award notice
						",,"
							Stadt Bochum, Referat Zentraler Einkauf
						","javascript:openProjectPopup('/VMPCenter/public/company/projectForwarding.do?pid=996758', '996758');"
"
									22.07.2024 ",n.a.,"
							Nutzung von Repositorien
						","
							
							UVgOContract award notice
						",,"
							Ruhr-Universität Bochum
						","javascript:openProjectPopup('/VMPCenter/public/company/projectForwarding.do?pid=996752', '996752');"
"
									25.07.2024 ",n.a.,"
							4 Workstations zur Tunnelüberwachung
						","
							
							UVgOContract award notice
						",,"
							Landeshauptstadt Düsseldorf, Der Oberbürgermeister, Amt für Recht, Vergabe und Versicherungen, Zentrale Vergabestelle
						","javascript:openProjectPopup('/VMPCenter/public/company/projectForwarding.do?pid=997842', '997842');"
"
									25.07.2024 ",n.a.,"
							Verlängerung 50 Lizenzen Omnichannel Lizenzen 15.12.2024
						","
							
							UVgOContract award notice
						",,"
							RWTH Aachen University
						","javascript:openProjectPopup('/VMPCenter/public/company/projectForwarding.do?pid=998164', '998164');"
"
									26.07.2024 ",n.a.,"
							Dienstleistung SAP BTP
						","
							
							UVgOContract award notice
						",,"
							Stadt Köln - Amt für Recht, Vergabe und Versicherungen
						","javascript:openProjectPopup('/VMPCenter/public/company/projectForwarding.do?pid=998810', '998810');"
"
									30.07.2024 ",n.a.,"
							Ex-Post 32 - Implementierung Corhelper-Alarmierungssystem
						","
							
							UVgOContract award notice
						",,"
							Kreis Coesfeld
						","javascript:openProjectPopup('/VMPCenter/public/company/projectForwarding.do?pid=999674', '999674');"
"
									30.07.2024 ",n.a.,"
							Beratung und Software-Entwicklung Biigle 2.0
						","
							
							UVgOContract award notice
						",,"
							Universität Bielefeld
						","javascript:openProjectPopup('/VMPCenter/public/company/projectForwarding.do?pid=999676', '999676');"
"
									31.07.2024 ",n.a.,"
							Ex-Post  66 -Systemerweiterung NWSIB-Online
						","
							
							UVgOContract award notice
						",,"
							Kreis Coesfeld
						","javascript:openProjectPopup('/VMPCenter/public/company/projectForwarding.do?pid=1000168', '1000168');"
"
									01.08.2024 ",n.a.,"
							IT Leistungen
						","
							
							UVgOContract award notice
						",,"
							Ministerium des Innern des Landes NRW
						","javascript:openProjectPopup('/VMPCenter/public/company/projectForwarding.do?pid=1000518', '1000518');"
"
									02.08.2024 ",n.a.,"
							Universität zu Köln - Software zur Durchführung von Online-Wahlen - Kopie
						","
							
							UVgOContract award notice
						",,"
							Universität zu Köln, Abteilung 64 - Einkauf
						","javascript:openProjectPopup('/VMPCenter/public/company/projectForwarding.do?pid=1000906', '1000906');"
"
									05.08.2024 ",n.a.,"
							Ex-Post-Bekanntmachung: Aufbau Prozessregister, Etablierung Prozessmanagementsystem
						","
							
							UVgOContract award notice
						",,"
							Stadt Dorsten
						","javascript:openProjectPopup('/VMPCenter/public/company/projectForwarding.do?pid=1001440', '1001440');"
"
									05.08.2024 ",n.a.,"
							Universitätslizenz
						","
							
							UVgOContract award notice
						",,"
							Ruhr-Universität Bochum
						","javascript:openProjectPopup('/VMPCenter/public/company/projectForwarding.do?pid=1001690', '1001690');"
"
									05.08.2024 ",n.a.,"
							DL im Bereich SAP HCM Payroll
						","
							
							UVgOContract award notice
						",,"
							Stadt Köln - Amt für Recht, Vergabe und Versicherungen
						","javascript:openProjectPopup('/VMPCenter/public/company/projectForwarding.do?pid=1001738', '1001738');"
"
									06.08.2024 ",n.a.,"
							Dienstleistung SAP BW/4HANA, SAC, FIORI
						","
							
							UVgOContract award notice
						",,"
							Stadt Köln - Amt für Recht, Vergabe und Versicherungen
						","javascript:openProjectPopup('/VMPCenter/public/company/projectForwarding.do?pid=1002036', '1002036');"
"
									07.08.2024 ",n.a.,"
							Lizenzverlängerung 2 FA
						","
							
							UVgOContract award notice
						",,"
							Stadt Bochum, Referat Zentraler Einkauf
						","javascript:openProjectPopup('/VMPCenter/public/company/projectForwarding.do?pid=1002206', '1002206');"
"
									07.08.2024 ",n.a.,"
							170 - Linaro Software
						","
							
							UVgOContract award notice
						",,"
							RWTH Aachen University
						","javascript:openProjectPopup('/VMPCenter/public/company/projectForwarding.do?pid=1002392', '1002392');"
"
									08.08.2024 ",n.a.,"
							Ex-Post-Bekanntmachung: Bereitstellung von Mietsoftware für das Rechnungsprüfungsamt
						","
							
							UVgOContract award notice
						",,"
							Stadt Dorsten
						","javascript:openProjectPopup('/VMPCenter/public/company/projectForwarding.do?pid=1002938', '1002938');"
"
									09.08.2024 ",n.a.,"
							174 - Teilstudie zur geschlechtergerechten Arbeits- und Organisationskultur
						","
							
							UVgOContract award notice
						",,"
							RWTH Aachen University
						","javascript:openProjectPopup('/VMPCenter/public/company/projectForwarding.do?pid=1003102', '1003102');"
"
									09.08.2024 ",n.a.,"
							Vorbereitung der Umsetzung und Umsetzung der Maßnahmen der 1. Phase Org. Untersuchung GB 3 & 5
						","
							
							UVgOContract award notice
						",,"
							Rechenzentrum der Finanzverwaltung des Landes NRW
						","javascript:openProjectPopup('/VMPCenter/public/company/projectForwarding.do?pid=1003256', '1003256');"
"
									09.08.2024 ",n.a.,"
							2024 DL VV Organisationsunter. fiv. GV + Schnittstellen, Fa. Dandelion GmbH
						","
							
							UVgOContract award notice
						",,"
							Rechenzentrum der Finanzverwaltung des Landes NRW
						","javascript:openProjectPopup('/VMPCenter/public/company/projectForwarding.do?pid=1003254', '1003254');"
"
									09.08.2024 ",n.a.,"
							Verlagerung der Software Planon conjectFM
						","
							
							UVgOContract award notice
						",,"
							Deutsche Sporthochschule Köln
						","javascript:openProjectPopup('/VMPCenter/public/company/projectForwarding.do?pid=1003334', '1003334');"
"
									09.08.2024 ",n.a.,"
							Wiederholungsbefragung ""Gesundheitskompetenz in Deutschland""
						","
							
							UVgOContract award notice
						",,"
							Universität Bielefeld
						","javascript:openProjectPopup('/VMPCenter/public/company/projectForwarding.do?pid=1003424', '1003424');"
"
									12.08.2024 ",n.a.,"
							Umstellung auf neues Datenmodell TFIS NRW (Neu)
						","
							
							UVgOContract award notice
						",,"
							Bezirksregierung Köln
						","javascript:openProjectPopup('/VMPCenter/public/company/projectForwarding.do?pid=1003688', '1003688');"
"
									12.08.2024 ",n.a.,"
							KONSENS DAME RMS KI
						","
							
							UVgOContract award notice
						",,"
							Rechenzentrum der Finanzverwaltung des Landes NRW
						","javascript:openProjectPopup('/VMPCenter/public/company/projectForwarding.do?pid=1003832', '1003832');"
"
									14.08.2024 ",n.a.,"
							Lieferung und Inbetriebnahme einer Energiemanagement-Software
						","
							
							UVgOContract award notice
						",,"
							Amt für Organisationsentwicklung, IT und Digitalisierung
						","javascript:openProjectPopup('/VMPCenter/public/company/projectForwarding.do?pid=1004394', '1004394');"
"
									14.08.2024 ",n.a.,"
							Testphase Erweiterung Support - Cloudbasierten Betrieb Lernmanagement-Systemen für alle Schulen der Kreisstadt Unna
						","
							
							UVgOContract award notice
						",,"
							Kreisstadt Unna
						","javascript:openProjectPopup('/VMPCenter/public/company/projectForwarding.do?pid=1004812', '1004812');"
"
									16.08.2024 ",n.a.,"
							Erwerb einer Firewall der Marke ""Sophos""
						","
							
							UVgOContract award notice
						",,"
							Ministerium des Innern des Landes NRW
						","javascript:openProjectPopup('/VMPCenter/public/company/projectForwarding.do?pid=1005388', '1005388');"
"
									19.08.2024 ",n.a.,"
							Frontendprogrammierung
						","
							
							UVgOContract award notice
						",,"
							RWTH Aachen University
						","javascript:openProjectPopup('/VMPCenter/public/company/projectForwarding.do?pid=1005964', '1005964');"
"
									20.08.2024 ",n.a.,"
							Ex-Post 01 - Weiterentwicklung Kommit-App
						","
							
							UVgOContract award notice
						",,"
							Kreis Coesfeld
						","javascript:openProjectPopup('/VMPCenter/public/company/projectForwarding.do?pid=1006198', '1006198');"
"
									20.08.2024 ",n.a.,"
							Provaia Schleusen Support Verlängerung
						","
							
							UVgOContract award notice
						",,"
							Ministerium des Innern des Landes NRW
						","javascript:openProjectPopup('/VMPCenter/public/company/projectForwarding.do?pid=1006354', '1006354');"
"
									20.08.2024 ",n.a.,"
							SPSS Campus Lizenz Premium inkl. Amos
						","
							
							UVgOContract award notice
						",,"
							FernUniversität in Hagen
						","javascript:openProjectPopup('/VMPCenter/public/company/projectForwarding.do?pid=1006420', '1006420');"
"
									20.08.2024 ",n.a.,"
							IT-Dienstleistungen u. a. im Bereich Cybersicherheit
						","
							
							UVgOContract award notice
						",,"
							Technische Hochschule Köln
						","javascript:openProjectPopup('/VMPCenter/public/company/projectForwarding.do?pid=1006516', '1006516');"
"
									21.08.2024 ",n.a.,"
							Vertragsverlängerung ISM (23-0648)
						","
							
							UVgOContract award notice
						",,"
							Stadt Hagen -FB 15-
						","javascript:openProjectPopup('/VMPCenter/public/company/projectForwarding.do?pid=1006650', '1006650');"
"
									21.08.2024 ",n.a.,"
							Erweiterung SoPart
						","
							
							UVgOContract award notice
						",,"
							Landesamt für Finanzen NRW
						","javascript:openProjectPopup('/VMPCenter/public/company/projectForwarding.do?pid=1006796', '1006796');"
"
									21.08.2024 ",n.a.,"
							Lieferung und Inbetriebnahme eines Ticket Systems/ (IT) Helpdesks
						","
							
							UVgOContract award notice
						",,"
							Amt für Organisationsentwicklung, IT und Digitalisierung
						","javascript:openProjectPopup('/VMPCenter/public/company/projectForwarding.do?pid=1006826', '1006826');"
"
									21.08.2024 ",n.a.,"
							CFD Simulation - Modellierung der Durchströmungscharakteristik RÜB-Lörick
						","
							
							UVgOContract award notice
						",,"
							Landeshauptstadt Düsseldorf, Der Oberbürgermeister, Stadtentwässerungsbetrieb
						","javascript:openProjectPopup('/VMPCenter/public/company/projectForwarding.do?pid=1006962', '1006962');"
"
									26.08.2024 ",n.a.,"
							Bundesstadt Bonn, Verlängerung HP SureClick für 3 Jahre
						","
							
							UVgOContract award notice
						",,"
							Bundesstadt Bonn - IT
						","javascript:openProjectPopup('/VMPCenter/public/company/projectForwarding.do?pid=1008282', '1008282');"
"
									27.08.2024 ",n.a.,"
							Neues Betriebs-und Supportmodell für die IT an Bielefelder Schulen
						","
							
							UVgOContract award notice
						",,"
							Stadt Bielefeld - Amt für Organisation, IT und Zentrale Leistungen
						","javascript:openProjectPopup('/VMPCenter/public/company/projectForwarding.do?pid=1008540', '1008540');"
"
									27.08.2024 ",n.a.,"
							Verlängerung Lizenz/Datenflatrate PlanetScope Satellitendaten (24 Monate)
						","
							
							UVgOContract award notice
						",,"
							Stadt Köln - Amt für Recht, Vergabe und Versicherungen
						","javascript:openProjectPopup('/VMPCenter/public/company/projectForwarding.do?pid=1008646', '1008646');"
"
									28.08.2024 ",n.a.,"
							Solaris-Linux-Betriebsunterstützung
						","
							
							UVgOContract award notice
						",,"
							FernUniversität in Hagen
						","javascript:openProjectPopup('/VMPCenter/public/company/projectForwarding.do?pid=1009008', '1009008');"
"
									29.08.2024 ",n.a.,"
							Bundesstadt Bonn - Umstieg von der Museumsdatenbank MuseumPlus auf SaaS-Lösung inkl. Lizenzen für 4 Jahre
						","
							
							UVgOContract award notice
						",,"
							Bundesstadt Bonn - Referat Vergabedienste
						","javascript:openProjectPopup('/VMPCenter/public/company/projectForwarding.do?pid=1009146', '1009146');"
"
									30.08.2024 ",n.a.,"
							Verlängerung von Support- und Wartungsverträgen der Hersteller VMware und Veeam
						","
							
							UVgOContract award notice
						",,"
							Deutsche Sporthochschule Köln
						","javascript:openProjectPopup('/VMPCenter/public/company/projectForwarding.do?pid=1009748', '1009748');"
"
									02.09.2024 ",n.a.,"
							Lizenzen mit Migrationsrabatt
						","
							
							UVgOContract award notice
						",,"
							RWTH-AACHEN
						","javascript:openProjectPopup('/VMPCenter/public/company/projectForwarding.do?pid=1009880', '1009880');"
