Published,Submission_deadline,Short_description,Type,Type1,Contracting_authority__source,Action_URL
"
									22.07.2024 ",n.a.,"
							Vacomat mit Montage und Inbetriebnahme
						","
							
							UVgOPrior information notice
						",,"
							Fachhochschule Potsdam
						","javascript:openProjectPopup('/VMPCenter/public/company/projectForwarding.do?pid=227679', '227679');"
"
									30.08.2024 ",n.a.,"
							8 Monitore, 4 PCs
						","
							
							UVgOPrior information notice
						",,"
							Brandenburgische Technische Universität Cottbus-Senftenberg
						","javascript:openProjectPopup('/VMPCenter/public/company/projectForwarding.do?pid=230712', '230712');"
"
									02.09.2024 ",n.a.,"
							Erweiterung iTernity iCAS-Systems
						","
							
							UVgOPrior information notice
						",,"
							Medizinische Universität Lausitz - Carl Thiem
						","javascript:openProjectPopup('/VMPCenter/public/company/projectForwarding.do?pid=230793', '230793');"
"
									31.07.2024 ","
                                    27.09.2024 ","
							Lieferleistung Retrofit Netzleittechnik
						","
							
							VgVNotice
						",,"
							Brandenburgische Technische Universität Cottbus-Senftenberg
						","javascript:openProjectPopup('/VMPCenter/public/company/projectForwarding.do?pid=228471', '228471');"
"
									11.08.2024 ","
                                    27.09.2024 ","
							Miete Multifunktionsgeräte/ Drucker
						","
							
							VgVNotice
						",,"
							Gemeinde Schönefeld
						","javascript:openProjectPopup('/VMPCenter/public/company/projectForwarding.do?pid=229349', '229349');"
"
									28.08.2024 ","
                                    09.10.2024 ","
							RV für Drucktechnik inkl. Service für Landesverwaltung Brandenburg
						","
							
							VgVNotice
						",,"
							Zentraldienst der Polizei des Landes Brandenburg
						","javascript:openProjectPopup('/VMPCenter/public/company/projectForwarding.do?pid=230474', '230474');"
"
									01.08.2024 ","
                                    10.09.2024 ","
							Server- und Speichertechnik, inkl. Beratungsdienstleistungen
						","
							
							VgVNotice
						",,"
							Zentraldienst der Polizei des Landes Brandenburg
						","javascript:openProjectPopup('/VMPCenter/public/company/projectForwarding.do?pid=228716', '228716');"
"
									09.09.2021 ",n.a.,"
							Einkauf von PDMS-Hardware RKH Ludwigsburg - Auftragsvergabe
						","
							
							VgVContract award notice
						",,"
							Regionale Kliniken Holding RKH GmbH - für alle Kliniken, siehe Anlage
						","javascript:openProjectPopup('/VMPCenter/public/company/projectForwarding.do?pid=154680', '154680');"
"
									12.10.2022 ",n.a.,"
							Einkauf von Büroartikeln - Auftragsvergabe
						","
							
							VgVContract award notice
						",,"
							Vertragseinrichtungen der Prospitalia GmbH, Ulm
						","javascript:openProjectPopup('/VMPCenter/public/company/projectForwarding.do?pid=181935', '181935');"
"
									28.02.2024 ",n.a.,"
							CAD/CAM-System und Robotik (4 Lose)
						","
							
							VgVContract award notice
						",,"
							Amt Kleine Elster (NIederlausitz)
						","javascript:openProjectPopup('/VMPCenter/public/company/projectForwarding.do?pid=216605', '216605');"
"
									27.03.2024 ",n.a.,"
							Schulcampus Am Wäldchen - Umbau, Erweiterung Schulgebäude mit Mehrzweckraum und Schulhort BA 2 - Modul 1.1 Sanierung Schulgebäude - Los 21 Ausstattung allgemein
						","
							
							VgVContract award notice
						",,"
							Stadtverwaltung Strausberg
						","javascript:openProjectPopup('/VMPCenter/public/company/projectForwarding.do?pid=218933', '218933');"
"
									29.03.2024 ",n.a.,"
							Beschaffung von Multifunktionspapier
						","
							
							VgVContract award notice
						",,"
							Brandenburgisches Oberlandesgericht
						","javascript:openProjectPopup('/VMPCenter/public/company/projectForwarding.do?pid=219162', '219162');"
"
									03.05.2024 ",n.a.,"
							2023-MA/005: Vergabe von Hard- und Software für Metallbaumaschinen (Fortsetzung)
						","
							
							VgVContract award notice
						",,"
							Amt Kleine Elster (NIederlausitz)
						","javascript:openProjectPopup('/VMPCenter/public/company/projectForwarding.do?pid=221678', '221678');"
"
									17.05.2024 ",n.a.,"
							Schulcampus Am Wäldchen - Umbau, Erweiterung Schulgebäude mit Mehrzweckraum und Schulhort BA 2 - Modul 1.1 Sanierung Schulgebäude - Los 36 Schränke und Regale
						","
							
							VgVContract award notice
						",,"
							Stadtverwaltung Strausberg
						","javascript:openProjectPopup('/VMPCenter/public/company/projectForwarding.do?pid=222674', '222674');"
"
									03.07.2024 ",n.a.,"
							AMS OrCA
						","
							
							VgVContract award notice
						",,"
							Carl-Thiem-Klinikum Cottbus gGmbH
						","javascript:openProjectPopup('/VMPCenter/public/company/projectForwarding.do?pid=226155', '226155');"
"
									04.07.2024 ",n.a.,"
							Servertechnik
						","
							
							VgVContract award notice
						",,"
							Zentraler IT-Dienstleister der Justiz des Landes Brandenburg
						","javascript:openProjectPopup('/VMPCenter/public/company/projectForwarding.do?pid=226285', '226285');"
"
									16.07.2024 ",n.a.,"
							Speichererweiterung für zentralen Speicher Primera
						","
							
							VgVContract award notice
						",,"
							Technisches Finanzamt
						","javascript:openProjectPopup('/VMPCenter/public/company/projectForwarding.do?pid=227150', '227150');"
"
									31.07.2024 ",n.a.,"
							Lieferung von Laptop, Tablets, Mini-PCs und Zubehör
						","
							
							VgVContract award notice
						",,"
							ProPotsdam GmbH
						","javascript:openProjectPopup('/VMPCenter/public/company/projectForwarding.do?pid=228467', '228467');"
"
									04.08.2024 ",n.a.,"
							Rahmenvereinbarung zur Lieferung von interaktiven Tafeln
						","
							
							VgVContract award notice
						",,"
							Landkreis Barnim
						","javascript:openProjectPopup('/VMPCenter/public/company/projectForwarding.do?pid=228801', '228801');"
"
									09.08.2024 ",n.a.,"
							Rahmenvereinbarung (RV) über die Lieferung von Scannern zum ersetzenden Scannen und zugehörigen Serviceleistungen
						","
							
							VgVContract award notice
						",,"
							Brandenburgischer IT-Dienstleister
						","javascript:openProjectPopup('/VMPCenter/public/company/projectForwarding.do?pid=229268', '229268');"
"
									17.08.2024 ",n.a.,"
							Auftragsbekanntgabe Komzet Kfz 2024
						","
							
							VgVContract award notice
						",,"
							Handwerkskammer Frankfurt (Oder) - Region Ostbrandenburg
						","javascript:openProjectPopup('/VMPCenter/public/company/projectForwarding.do?pid=229831', '229831');"
"
									14.05.2019 ","
                                    30.05.2019 ","
							Etikettendrucker
						","
							
							UVgONotice
						",,"
							Sana-Herzzentrum Cottbus
						","javascript:openProjectPopup('/VMPCenter/public/company/projectForwarding.do?pid=103237', '103237');"
"
									28.09.2022 ","
                                    13.10.2022 ","
							 Lieferung von Computern, Bildschirmen, Webcams und Software
						","
							
							UVgONotice
						",,"
							piccolo - Theater - GmbH
						","javascript:openProjectPopup('/VMPCenter/public/company/projectForwarding.do?pid=180936', '180936');"
"
									28.09.2022 ","
                                    19.10.2022 ","
							Beschaffung von Laptops & Ladewagen 
						","
							
							UVgONotice
						",,"
							Stadtverwaltung Hohen Neuendorf
						","javascript:openProjectPopup('/VMPCenter/public/company/projectForwarding.do?pid=181021', '181021');"
"
									05.08.2024 ","
                                    06.09.2024 ","
							IT für pädagogische Zentren des LISUM
						","
							
							UVgONotice
						",,"
							Landesinstitut für Schule und Medien Berlin - Brandenburg LISUM
						","javascript:openProjectPopup('/VMPCenter/public/company/projectForwarding.do?pid=228888', '228888');"
"
									09.08.2024 ","
                                    11.09.2024 ","
							Digitales Display
						","
							
							UVgONotice
						",,"
							Landesschule und Technische Einrichtung für Brand- und Katastrophenschutz
						","javascript:openProjectPopup('/VMPCenter/public/company/projectForwarding.do?pid=229283', '229283');"
"
									12.08.2024 ","
                                    05.09.2024 ","
							Hardware - EDV-Arbeitsplatzausstattung
						","
							
							UVgONotice
						",,"
							Klinikum Dahme-Spreewald GmbH
						","javascript:openProjectPopup('/VMPCenter/public/company/projectForwarding.do?pid=229414', '229414');"
"
									13.08.2024 ","
                                    04.09.2024 ","
							Compute and Storage
						","
							
							UVgONotice
						",,"
							Brandenburgische Technische Universität Cottbus-Senftenberg
						","javascript:openProjectPopup('/VMPCenter/public/company/projectForwarding.do?pid=229534', '229534');"
"
									15.08.2024 ","
                                    05.09.2024 ","
							Lieferung von Personalheftern
						","
							
							UVgONotice
						",,"
							Landtag Brandenburg
						","javascript:openProjectPopup('/VMPCenter/public/company/projectForwarding.do?pid=229736', '229736');"
"
									16.08.2024 ","
                                    09.09.2024 ","
							Stadt Cottbus ÖA 145-2024 Lieferung Touchgroßdisplays Feuerwehr
						","
							
							UVgONotice
						",,"
							Stadtverwaltung Cottbus
						","javascript:openProjectPopup('/VMPCenter/public/company/projectForwarding.do?pid=229793', '229793');"
"
									21.08.2024 ","
                                    13.09.2024 ","
							Lieferung HPE SAN Switche
						","
							
							UVgONotice
						",,"
							Zentraldienst der Polizei des Landes Brandenburg
						","javascript:openProjectPopup('/VMPCenter/public/company/projectForwarding.do?pid=230008', '230008');"
"
									20.08.2024 ","
                                    08.09.2024 ","
							Klassenraumausstattung 3 Schulen
						","
							
							UVgONotice
						",,"
							Gemeinde Schönefeld
						","javascript:openProjectPopup('/VMPCenter/public/company/projectForwarding.do?pid=230004', '230004');"
"
									21.08.2024 ","
                                    17.09.2024 ","
							Lieferung von Hard- und Software sowie Zubehör als Büroausstattung
						","
							
							UVgONotice
						",,"
							Stadt Schwedt/Oder
						","javascript:openProjectPopup('/VMPCenter/public/company/projectForwarding.do?pid=230017', '230017');"
"
									26.08.2024 ","
                                    16.09.2024 ","
							IT-Technik und Arbeitsplatzmaterialien
						","
							
							UVgONotice
						",,"
							Universität Potsdam, ZIM - Zentrum für Informationstechnologie und Medienmanagement
						","javascript:openProjectPopup('/VMPCenter/public/company/projectForwarding.do?pid=230299', '230299');"
"
									26.08.2024 ","
                                    11.09.2024 ","
							Erweiterung NetApp-Cluster sowie Lieferung eines QNAP NAS-Systems
						","
							
							UVgONotice
						",,"
							Landkreis Havelland - Der Landrat -
						","javascript:openProjectPopup('/VMPCenter/public/company/projectForwarding.do?pid=230327', '230327');"
"
									27.08.2024 ","
                                    26.09.2024 ","
							Lieferung und Vor-Ort-Installation Unabhängige Stromversorgung (USV)
						","
							
							UVgONotice
						",,"
							Ländliche Heimvolkshochschule am Seddiner See e.V.
						","javascript:openProjectPopup('/VMPCenter/public/company/projectForwarding.do?pid=230392', '230392');"
"
									27.08.2024 ","
                                    17.09.2024 ","
							DOBOT Magician - Desktop Roboterarm
						","
							
							UVgONotice
						",,"
							Universität Potsdam
						","javascript:openProjectPopup('/VMPCenter/public/company/projectForwarding.do?pid=230394', '230394');"
"
									27.08.2024 ","
                                    18.09.2024 ","
							3D Drucker
						","
							
							UVgONotice
						",,"
							Universität Potsdam
						","javascript:openProjectPopup('/VMPCenter/public/company/projectForwarding.do?pid=230396', '230396');"
"
									28.08.2024 ","
                                    12.09.2024 ","
							Lieferung von drei 3D-Druckern Oberschule Altlandsberg
						","
							
							UVgONotice
						",,"
							Stadt Altlandsberg
						","javascript:openProjectPopup('/VMPCenter/public/company/projectForwarding.do?pid=230452', '230452');"
"
									28.08.2024 ","
                                    10.09.2024 ","
							Kauf und Lieferung von 100 Monitoren
						","
							
							UVgONotice
						",,"
							Landkreis Prignitz
						","javascript:openProjectPopup('/VMPCenter/public/company/projectForwarding.do?pid=230482', '230482');"
"
									28.08.2024 ","
                                    18.09.2024 ","
							Lieferung von Laborausstattung: 3D-Drucker, 3D-Scanner, Roboterarm, Großformatbildschirme, Schredder und Notebooks
						","
							
							UVgONotice
						",,"
							Technische Hochschule Wildau
						","javascript:openProjectPopup('/VMPCenter/public/company/projectForwarding.do?pid=230507', '230507');"
"
									29.08.2024 ","
                                    13.09.2024 ","
							Beschaffung Plotter
						","
							
							UVgONotice
						",,"
							Landesamt für Umwelt
						","javascript:openProjectPopup('/VMPCenter/public/company/projectForwarding.do?pid=230555', '230555');"
"
									29.08.2024 ","
                                    13.09.2024 ","
							Erweiterung der Storage-Plattform für den Aufbau einer GPFS-Cluster-Lösung
						","
							
							UVgONotice
						",,"
							Brandenburgische Technische Universität Cottbus-Senftenberg
						","javascript:openProjectPopup('/VMPCenter/public/company/projectForwarding.do?pid=230553', '230553');"
"
									30.08.2024 ","
                                    20.09.2024 ","
							Sensorik zur Prozessüberwachung
						","
							
							UVgONotice
						",,"
							Brandenburgische Technische Universität Cottbus-Senftenberg
						","javascript:openProjectPopup('/VMPCenter/public/company/projectForwarding.do?pid=230688', '230688');"
"
									26.08.2024 ","
                                    16.09.2024 ","
							Erweiterung Anlage Magnetband-Sicherung
						","
							
							UVgONotice
						",,"
							Leibniz-Institut für Astrophysik Potsdam (AIP)
						","javascript:openProjectPopup('/VMPCenter/public/company/projectForwarding.do?pid=230344', '230344');"
"
									03.09.2024 ","
                                    17.09.2024 ","
							Aktualisierung Broadcaststudio 2
						","
							
							UVgONotice
						",,"
							Brandenburgische Technische Universität Cottbus-Senftenberg
						","javascript:openProjectPopup('/VMPCenter/public/company/projectForwarding.do?pid=230883', '230883');"
"
									03.09.2024 ","
                                    17.09.2024 ","
							Multifunktionsdrucker und Multifunktionsgerät A3
						","
							
							UVgONotice
						",,"
							Landkreis Uckermark, Amt für Technische Dienste und Digitalisierung
						","javascript:openProjectPopup('/VMPCenter/public/company/projectForwarding.do?pid=230897', '230897');"
"
									22.08.2024 ","
                                    11.09.2024 ","
							Netzerweiterung Nedlitz Lerchensteig 42
						","
							
							VOB/ANotice
						",,"
							Energie und Wasser Potsdam GmbH
						","javascript:openProjectPopup('/VMPCenter/public/company/projectForwarding.do?pid=230190', '230190');"
"
									05.06.2024 ",n.a.,"
							Ablösung Core Switch TFA
						","
							
							UVgOContract award notice
						",,"
							Technisches Finanzamt Cottbus
						","javascript:openProjectPopup('/VMPCenter/public/company/projectForwarding.do?pid=223976', '223976');"
"
									14.06.2024 ",n.a.,"
							Austausch der USVen in den Finanzämtern
						","
							
							UVgOContract award notice
						",,"
							Technisches Finanzamt Cottbus
						","javascript:openProjectPopup('/VMPCenter/public/company/projectForwarding.do?pid=224764', '224764');"
"
									17.06.2024 ",n.a.,"
							Lieferung Apple Laptop
						","
							
							UVgOContract award notice
						",,"
							Asklepios Klinikum Uckermark
						","javascript:openProjectPopup('/VMPCenter/public/company/projectForwarding.do?pid=224958', '224958');"
"
									19.06.2024 ",n.a.,"
							ESX-Server
						","
							
							UVgOContract award notice
						",,"
							Landkreis Ostprignitz- Ruppin
						","javascript:openProjectPopup('/VMPCenter/public/company/projectForwarding.do?pid=225082', '225082');"
"
									24.06.2024 ",n.a.,"
							Beschaffung von PC/Hardware
						","
							
							UVgOContract award notice
						",,"
							Asklepios Klinikum Uckermark
						","javascript:openProjectPopup('/VMPCenter/public/company/projectForwarding.do?pid=225435', '225435');"
"
									26.06.2024 ",n.a.,"
							Beschaffung von WLAN-Access-Points
						","
							
							UVgOContract award notice
						",,"
							Asklepios Klinikum Uckermark
						","javascript:openProjectPopup('/VMPCenter/public/company/projectForwarding.do?pid=225697', '225697');"
"
									16.07.2024 ",n.a.,"
							Multifunktionssysteme für alle Einrichtungen der Stadt Hohen Neuendorf - Miete, Lieferung, Montage und Inbetriebnahme, Einweisung, Fullservice
						","
							
							UVgOContract award notice
						",,"
							Stadtverwaltung Hohen Neuendorf
						","javascript:openProjectPopup('/VMPCenter/public/company/projectForwarding.do?pid=227193', '227193');"
"
									17.07.2024 ",n.a.,"
							Apple iPads für Schulen
						","
							
							UVgOContract award notice
						",,"
							Stadtverwaltung Hohen Neuendorf
						","javascript:openProjectPopup('/VMPCenter/public/company/projectForwarding.do?pid=227283', '227283');"
"
									05.08.2024 ",n.a.,"
							Lieferung Klassensatz Notebooks Grundschule Spreenhagen
						","
							
							UVgOContract award notice
						",,"
							Amt Spreenhagen
						","javascript:openProjectPopup('/VMPCenter/public/company/projectForwarding.do?pid=228897', '228897');"
"
									09.08.2024 ",n.a.,"
							Server-Cluster und Desktop-PCs
						","
							
							UVgOContract award notice
						",,"
							Stadt Seelow
						","javascript:openProjectPopup('/VMPCenter/public/company/projectForwarding.do?pid=229296', '229296');"
"
									26.08.2024 ",n.a.,"
							Schulverpflegung Gymnasium Perleberg
						","
							
							UVgOContract award notice
						",,"
							Landkreis Prignitz
						","javascript:openProjectPopup('/VMPCenter/public/company/projectForwarding.do?pid=230341', '230341');"
"
									02.09.2024 ",n.a.,"
							Rahmenvertrag über IT-Hardware für Asklepios Kliniken 3.0
						","
							
							UVgOContract award notice
						",,"
							Asklepios Fachklinikum Brandenburg und weitere Auftraggeber, die sich aus der europaweiten Bekanntmachung ergeben
						","javascript:openProjectPopup('/VMPCenter/public/company/projectForwarding.do?pid=230797', '230797');"
