Published,Submission_deadline,Short_description,Type,Contracting_authority__source,Action_URL
"
									17.07.2024 ",n.a.,"
							Rahmenvereinbarung Tankkarten-Service für das Fuhrparkmanagement des Landes Rheinland-Pfalz
						","
							
							VgVContract award notice
						","
							Zentrale Beschaffungsstelle des Landes Rheinland-Pfalz (ZBL) im Landesbetrieb Mobilität Rheinland-Pfalz
						","javascript:openProjectPopup('/VMPCenter/public/company/projectForwarding.do?pid=49934', '49934');"
"
									19.08.2024 ","
                                    09.09.2024 ","
							Zentrales Speichersystem im Rechenzentrum Trier
						","
							
							UVgONotice
						","
							Hochschule Trier - Trier University of Applied Sciences
						","javascript:openProjectPopup('/VMPCenter/public/company/projectForwarding.do?pid=50422', '50422');"
"
									23.08.2024 ","
                                    19.09.2024 ","
							Beschaffung eines UAS-Trägersytems mit ALS-LiDAR- und Kamerasysteme
						","
							
							UVgONotice
						","
							Landesamt für Geologie und Bergbau Rheinland-Pfalz
						","javascript:openProjectPopup('/VMPCenter/public/company/projectForwarding.do?pid=50490', '50490');"
"
									16.05.2024 ",n.a.,"
							Recyconomic Trend White
						","
							
							UVgOContract award notice
						","
							Universität Trier
						","javascript:openProjectPopup('/VMPCenter/public/company/projectForwarding.do?pid=48981', '48981');"
