Published,Submission_deadline,Short_description,Type,Type1,Contracting_authority__source,Action_URL
"
									09.08.2024 ","
                                    10.09.2024 ","
							Beschaffung eines zentralen Querverbundleitsystems und zugehöriger Dienstleistungen
						","
							
							SektVOCFC
						",CFC,"
							Stadtwerke Oranienburg GmbH
						","javascript:openProjectPopup('/VMPCenter/public/company/projectForwarding.do?pid=229276', '229276');"
"
									03.09.2024 ","
                                    30.09.2024 ","
							Internetanschluss mit DoS/DDoS-Schutz
						","
							
							VOL/ACFC
						",CFC,"
							Asklepios Klinikum Uckermark GmbH und weitere - Bekanntmachung
						","javascript:openProjectPopup('/VMPCenter/public/company/projectForwarding.do?pid=230899', '230899');"
"
									24.08.2024 ","
                                    24.09.2024 ","
							Einführung eines Dokumenten-Management-Systems
						","
							
							VgVCFC
						",CFC,"
							IHP GmbH - Leibniz-Institut für innovative Mikroelektronik
						","javascript:openProjectPopup('/VMPCenter/public/company/projectForwarding.do?pid=230246', '230246');"
"
									28.08.2024 ","
                                    27.09.2024 ","
							Beschaffung eines Order Entry-Systems
						","
							
							VgVCFC
						",CFC,"
							Miteigentumsgemeinschaft Fachkrankenhaus Coswig GmbH, Kliniken Beelitz GmbH - Fachkrankenhaus für Frührehabilitation, Kliniken Beelitz GmbH - Fachkrankenhaus für Bewegungsstörungen/Parkinson, Fachklinik Radeburg GmbH, Fachklinik Waldeck GmbH
						","javascript:openProjectPopup('/VMPCenter/public/company/projectForwarding.do?pid=230471', '230471');"
"
									01.09.2024 ","
                                    02.10.2024 ","
							Relaunch des Web-Auftritts der Landeshauptstadt Potsdam
						","
							
							VgVCFC
						",CFC,"
							Landeshauptstadt Potsdam, Bereich Vergabemanagement
						","javascript:openProjectPopup('/VMPCenter/public/company/projectForwarding.do?pid=230726', '230726');"
"
									15.08.2024 ","
                                    13.09.2024 ","
							Aufbau eines Informationssicherheitsmanagementsystems (ISMS) gem. ISO 27001
						","
							
							SektVONotice
						",,"
							Stadtwerke Hennigsdorf GmbH
						","javascript:openProjectPopup('/VMPCenter/public/company/projectForwarding.do?pid=229749', '229749');"
"
									21.06.2024 ",n.a.,"
							Planung und Errichtung einer Ladeinfrastruktur          zur Depotladung von 16 Niederflurlinienbussen
						","
							
							SektVOContract award notice
						",,"
							Regionale Verkehrsgesellschaft Dahme-Spreewald mbH
						","javascript:openProjectPopup('/VMPCenter/public/company/projectForwarding.do?pid=225314', '225314');"
"
									29.04.2019 ","
                                    04.06.2019 ","
							Zertifizierungsvorbereitung ISO 27001
						","
							
							VOL/ANotice
						",,"
							Landesbetrieb Straßenwesen Brandenburg Betriebssitz Hoppegarten
						","javascript:openProjectPopup('/VMPCenter/public/company/projectForwarding.do?pid=102452', '102452');"
"
									22.04.2024 ",n.a.,"
							Gesamtbeschaffung eines PDMS Patientendatenmanagementsystemsund eines Anästhesieplanungs- / -dokumentationssystems
						","
							
							UVgOCFC
						",CFC,"
							Alexianer St. Josef Potsdam GmbH
						","javascript:openProjectPopup('/VMPCenter/public/company/projectForwarding.do?pid=220660', '220660');"
"
									26.07.2024 ",n.a.,"
							KHZG FTB3 Digitales Archiv
						","
							
							UVgOCFC
						",CFC,"
							Oberlinklinik gGmbH
						","javascript:openProjectPopup('/VMPCenter/public/company/projectForwarding.do?pid=228154', '228154');"
"
									26.08.2024 ",n.a.,"
							Subscriptions für SUSE Linux Enterprise Server
						","
							
							UVgOPrior information notice
						",,"
							Technisches Finanzamt Cottbus
						","javascript:openProjectPopup('/VMPCenter/public/company/projectForwarding.do?pid=230337', '230337');"
"
									26.06.2019 ","
                                    26.07.2019 ","
							Traktor mit vollelektrischem Antrieb
						","
							
							VgVNotice
						",,"
							Leibniz-Institut für Agrartechnik und Bioökonomie e.V. (ATB)
						","javascript:openProjectPopup('/VMPCenter/public/company/projectForwarding.do?pid=106236', '106236');"
"
									04.08.2024 ","
                                    10.09.2024 ","
							Digitalisierung 3-2024
						","
							
							VgVNotice
						",,"
							Handwerkskammer Potsdam
						","javascript:openProjectPopup('/VMPCenter/public/company/projectForwarding.do?pid=228798', '228798');"
"
									16.08.2024 ","
                                    16.09.2024 ","
							Lizenzverlängerung und -erweiterung Trellix und Skyhigh
						","
							
							VgVNotice
						",,"
							Zentraler IT-Dienstleister der Justiz des Landes Brandenburg
						","javascript:openProjectPopup('/VMPCenter/public/company/projectForwarding.do?pid=229772', '229772');"
"
									02.08.2024 ","
                                    17.09.2024 ","
							RV Inhaltlichen Gestaltung, Weiterentwicklung und Kommunikation des Familienportals Brandenburg
						","
							
							VgVNotice
						",,"
							Ministerium für Soziales, Gesundheit, Integration und Verbraucherschutz (MSGIV)
						","javascript:openProjectPopup('/VMPCenter/public/company/projectForwarding.do?pid=228797', '228797');"
"
									28.08.2024 ","
                                    09.10.2024 ","
							RV für Drucktechnik inkl. Service für Landesverwaltung Brandenburg
						","
							
							VgVNotice
						",,"
							Zentraldienst der Polizei des Landes Brandenburg
						","javascript:openProjectPopup('/VMPCenter/public/company/projectForwarding.do?pid=230474', '230474');"
"
									30.08.2024 ","
                                    01.10.2024 ","
							IT - Störfallmanagement
						","
							
							VgVNotice
						",,"
							Universität Potsdam
						","javascript:openProjectPopup('/VMPCenter/public/company/projectForwarding.do?pid=230647', '230647');"
"
									02.09.2024 ","
                                    01.10.2024 ","
							Straßenverkehrszählung 2025 - Los 1 - DS Cottbus
						","
							
							VgVNotice
						",,"
							Landesbetrieb Straßenwesen Brandenburg, Betriebssitz Hoppegarten
						","javascript:openProjectPopup('/VMPCenter/public/company/projectForwarding.do?pid=230738', '230738');"
"
									02.09.2024 ","
                                    01.10.2024 ","
							Straßenverkehrszählung 2025 - Los 2 - DS Frankfurt (Oder)
						","
							
							VgVNotice
						",,"
							Landesbetrieb Straßenwesen Brandenburg, Betriebssitz Hoppegarten
						","javascript:openProjectPopup('/VMPCenter/public/company/projectForwarding.do?pid=230739', '230739');"
"
									02.09.2024 ","
                                    01.10.2024 ","
							Straßenverkehrszählung 2025 - Los 3 - DS Eberswalde
						","
							
							VgVNotice
						",,"
							Landesbetrieb Straßenwesen Brandenburg, Betriebssitz Hoppegarten
						","javascript:openProjectPopup('/VMPCenter/public/company/projectForwarding.do?pid=230740', '230740');"
"
									25.07.2024 ","
                                    05.09.2024 ","
							Administration und Support mobiler endgeräte für Lehrkräfte des Landes Brandenburg
						","
							
							VgVNotice
						",,"
							Ministerium für Bildung, Jugend und Sport des Landes Brandenburg
						","javascript:openProjectPopup('/VMPCenter/public/company/projectForwarding.do?pid=228184', '228184');"
"
									03.09.2024 ","
                                    08.10.2024 ","
							Straßenverkehrszählung 2025 - Los 4 - DS Wünsdorf
						","
							
							VgVNotice
						",,"
							Landesbetrieb Straßenwesen Brandenburg, Betriebssitz Hoppegarten
						","javascript:openProjectPopup('/VMPCenter/public/company/projectForwarding.do?pid=230869', '230869');"
"
									03.09.2024 ","
                                    08.10.2024 ","
							Straßenverkehrszählung 2025 - Los 6 - DS Potsdam
						","
							
							VgVNotice
						",,"
							Landesbetrieb Straßenwesen Brandenburg, Betriebssitz Hoppegarten
						","javascript:openProjectPopup('/VMPCenter/public/company/projectForwarding.do?pid=230871', '230871');"
"
									03.09.2024 ","
                                    08.10.2024 ","
							Straßenverkehrszählung 2025 - Los 5 - DS Kyritz
						","
							
							VgVNotice
						",,"
							Landesbetrieb Straßenwesen Brandenburg, Betriebssitz Hoppegarten
						","javascript:openProjectPopup('/VMPCenter/public/company/projectForwarding.do?pid=230870', '230870');"
"
									02.07.2022 ",n.a.,"
							ILB Verg Rahmenvertrag SAP/BI
						","
							
							VgVContract award notice
						",,"
							Investitionsbank des Landes Brandenburg
						","javascript:openProjectPopup('/VMPCenter/public/company/projectForwarding.do?pid=174841', '174841');"
"
									24.08.2022 ",n.a.,"
							Einkauf von Identity & Access Management (IAM) Lösungen (FTB10) - Auftragsvergabe
						","
							
							VgVContract award notice
						",,"
							Vertragseinrichtungen der Prospitalia GmbH, Ulm
						","javascript:openProjectPopup('/VMPCenter/public/company/projectForwarding.do?pid=178606', '178606');"
"
									01.10.2022 ",n.a.,"
							Einkauf von Security Operation Center (SOCaaS) Leistungen (FTB 10) Auftragsvergabe/Aufhebung
						","
							
							VgVContract award notice
						",,"
							Vertragseinrichtungen der Prospitalia GmbH, Ulm
						","javascript:openProjectPopup('/VMPCenter/public/company/projectForwarding.do?pid=181252', '181252');"
"
									05.01.2023 ",n.a.,"
							Einkauf von Security Operation Center (SOCaaS) Leistungen (FTB 10) Neu - Auftragsvergabe
						","
							
							VgVContract award notice
						",,"
							Vertragseinrichtungen der Prospitalia GmbH, Ulm
						","javascript:openProjectPopup('/VMPCenter/public/company/projectForwarding.do?pid=187015', '187015');"
"
									28.06.2023 ",n.a.,"
							Einkauf von Unterstützungsleistungen beim Aufbau bzw. Betrieb eines ISMS (FTB 10) - Auftragsvergabe
						","
							
							VgVContract award notice
						",,"
							Vertragseinrichtungen der Prospitalia GmbH, Ulm
						","javascript:openProjectPopup('/VMPCenter/public/company/projectForwarding.do?pid=199869', '199869');"
"
									03.05.2024 ",n.a.,"
							2023-MA/005: Vergabe von Hard- und Software für Metallbaumaschinen (Fortsetzung)
						","
							
							VgVContract award notice
						",,"
							Amt Kleine Elster (NIederlausitz)
						","javascript:openProjectPopup('/VMPCenter/public/company/projectForwarding.do?pid=221678', '221678');"
"
									16.06.2024 ",n.a.,"
							BLB PKMS/CDE Cloud, Implementierung, Schulung und Produktivsetzung einer PKMS-CDE als SaaS Lösung
						","
							
							VgVContract award notice
						",,"
							Brandenburgischer Landesbetrieb für Liegenschaften und Bauen (BLB) - Zentrale Vergabestelle
						","javascript:openProjectPopup('/VMPCenter/public/company/projectForwarding.do?pid=224846', '224846');"
"
									28.06.2024 ",n.a.,"
							Dienstleistungen im Bereich IT-Sicherheit und Informationssicherheitsmanagement
						","
							
							VgVContract award notice
						",,"
							Carl-Thiem-Klinikum Cottbus gGmbH
						","javascript:openProjectPopup('/VMPCenter/public/company/projectForwarding.do?pid=225818', '225818');"
"
									03.07.2024 ",n.a.,"
							INFRA 2.0
						","
							
							VgVContract award notice
						",,"
							Carl-Thiem-Klinikum Cottbus gGmbH
						","javascript:openProjectPopup('/VMPCenter/public/company/projectForwarding.do?pid=226159', '226159');"
"
									03.07.2024 ",n.a.,"
							AMS OrCA
						","
							
							VgVContract award notice
						",,"
							Carl-Thiem-Klinikum Cottbus gGmbH
						","javascript:openProjectPopup('/VMPCenter/public/company/projectForwarding.do?pid=226155', '226155');"
"
									10.07.2024 ",n.a.,"
							Medientechnik für das KKM des MIK BB inklusive Services
						","
							
							VgVContract award notice
						",,"
							Ministerium des Innern und für Kommunales des Landes Brandenburg
						","javascript:openProjectPopup('/VMPCenter/public/company/projectForwarding.do?pid=226710', '226710');"
"
									12.07.2024 ",n.a.,"
							IT - Service für die drei Schulen der Gemeinde Brieselang
						","
							
							VgVContract award notice
						",,"
							Gemeinde Brieselang
						","javascript:openProjectPopup('/VMPCenter/public/company/projectForwarding.do?pid=226929', '226929');"
"
									16.07.2024 ",n.a.,"
							Serviceleistungen für die Barracuda Firewalls im TFA Cottbus
						","
							
							VgVContract award notice
						",,"
							Technisches Finanzamt
						","javascript:openProjectPopup('/VMPCenter/public/company/projectForwarding.do?pid=227155', '227155');"
"
									24.07.2024 ",n.a.,"
							Beratungskontingent digitale Transformation
						","
							
							VgVContract award notice
						",,"
							Carl-Thiem-Klinikum Cottbus gGmbH
						","javascript:openProjectPopup('/VMPCenter/public/company/projectForwarding.do?pid=227862', '227862');"
"
									28.07.2024 ",n.a.,"
							Vergabebekanntmachung Prozessunterstützung ESM-Plattform Servity
						","
							
							VgVContract award notice
						",,"
							Brandenburgischer IT-Dienstleister
						","javascript:openProjectPopup('/VMPCenter/public/company/projectForwarding.do?pid=228235', '228235');"
"
									21.08.2024 ",n.a.,"
							Rahmenvereinbarung für Beratungs- und Unterstützungsleistungen im Bereich ""Cliententwicklung und Clientmanagement""
						","
							
							VgVContract award notice
						",,"
							Brandenburgischer IT-Dienstleister
						","javascript:openProjectPopup('/VMPCenter/public/company/projectForwarding.do?pid=230027', '230027');"
"
									13.06.2019 ",n.a.,"
							 Erweiterung der Abwasserbehandlungsanlage II im Industriepark Schwarze Pumpe 
						","
							
							VOB/AContract award notice
						",,"
							Zweckverband Industriepark Schwarze Pumpe (ZV ISP) vertreten durch die ASG Spremberg GmbH als Treuhänder
						","javascript:openProjectPopup('/VMPCenter/public/company/projectForwarding.do?pid=105463', '105463');"
"
									08.05.2019 ","
                                    27.05.2019 ","
							Los 2  Aktive Netzwerkkomponenten
						","
							
							UVgONotice
						",,"
							Evangelisches Krankenhaus Ludwigsfelde-Teltow gGmbH
						","javascript:openProjectPopup('/VMPCenter/public/company/projectForwarding.do?pid=102936', '102936');"
"
									05.10.2022 ","
                                    20.10.2022 ","
							Audioproduktion, Produktion Führung Gebärdensprache, Sonderausstellung ""Koloniale Kontexte""
						","
							
							UVgONotice
						",,"
							Stiftung Preußische Schlösser und Gärten Berlin-Brandenburg
						","javascript:openProjectPopup('/VMPCenter/public/company/projectForwarding.do?pid=181384', '181384');"
"
									25.10.2022 ","
                                    04.11.2022 ","
							Micro Focus Lizenzen
						","
							
							UVgONotice
						",,"
							Stadtwerke Potsdam GmbH
						","javascript:openProjectPopup('/VMPCenter/public/company/projectForwarding.do?pid=182919', '182919');"
"
									29.11.2022 ","
                                    06.01.2023 ","
							Erstellung einer Website inkl. einer interaktiven Karte für den Kulturbereich Neuruppin
						","
							
							UVgONotice
						",,"
							Stadtverwaltung der Fontanestadt Neuruppin
						","javascript:openProjectPopup('/VMPCenter/public/company/projectForwarding.do?pid=185233', '185233');"
"
									16.07.2024 ","
                                    25.09.2024 ","
							Zeiterfassungssystem im Jobcenter Frankfurt (Oder)
						","
							
							UVgONotice
						",,"
							Jobcenter Frankfurt (Oder)
						","javascript:openProjectPopup('/VMPCenter/public/company/projectForwarding.do?pid=227194', '227194');"
"
									06.08.2024 ","
                                    06.09.2024 ","
							Perimeter Firewall
						","
							
							UVgONotice
						",,"
							MEDIAN Unternehmensgruppe B.V. & Co.KG
						","javascript:openProjectPopup('/VMPCenter/public/company/projectForwarding.do?pid=228938', '228938');"
"
									09.08.2024 ","
                                    04.09.2024 ","
							SPSS Campuslizenz
						","
							
							UVgONotice
						",,"
							Universität Potsdam
						","javascript:openProjectPopup('/VMPCenter/public/company/projectForwarding.do?pid=229321', '229321');"
"
									13.08.2024 ","
                                    13.09.2024 ","
							Identity Access Management (IAM)
						","
							
							UVgONotice
						",,"
							MEDIAN Unternehmensgruppe B.V. & Co.KG
						","javascript:openProjectPopup('/VMPCenter/public/company/projectForwarding.do?pid=229492', '229492');"
"
									15.08.2024 ","
                                    10.09.2024 ","
							Neuer Internetauftritt für die Fontanestadt Neuruppin
						","
							
							UVgONotice
						",,"
							Stadtverwaltung der Fontanestadt Neuruppin
						","javascript:openProjectPopup('/VMPCenter/public/company/projectForwarding.do?pid=229671', '229671');"
"
									16.08.2024 ","
                                    10.09.2024 ","
							Unterstützungsleistungen Debian-/ Univention Systemumgebung
						","
							
							UVgONotice
						",,"
							Brandenburgischer IT-Dienstleister
						","javascript:openProjectPopup('/VMPCenter/public/company/projectForwarding.do?pid=229813', '229813');"
"
									19.08.2024 ","
                                    13.09.2024 ","
							Datenerfassung im Rahmen des Information Security Management System (ISMS)
						","
							
							UVgONotice
						",,"
							Fachhochschule Potsdam
						","javascript:openProjectPopup('/VMPCenter/public/company/projectForwarding.do?pid=229897', '229897');"
"
									12.08.2024 ","
                                    17.09.2024 ","
							Unterstützungsleistung Mapserver
						","
							
							UVgONotice
						",,"
							Landesvermessung und Geobasisinformation Brandenburg
						","javascript:openProjectPopup('/VMPCenter/public/company/projectForwarding.do?pid=229398', '229398');"
"
									23.08.2024 ","
                                    13.09.2024 ","
							Ersatzbeschaffung eines mobilen Systems zur Verkehrsdatenerfassung inkl. Software
						","
							
							UVgONotice
						",,"
							Stadt Eberswalde
						","javascript:openProjectPopup('/VMPCenter/public/company/projectForwarding.do?pid=230241', '230241');"
"
									26.08.2024 ","
                                    16.09.2024 ","
							Lieferung von Geräteausstattung für die Restaurierungsabteilung des Filmmuseums Potsdam
						","
							
							UVgONotice
						",,"
							Filmuniversität Babelsberg KONRAD WOLF
						","javascript:openProjectPopup('/VMPCenter/public/company/projectForwarding.do?pid=230281', '230281');"
"
									28.08.2024 ","
                                    13.09.2024 ","
							Umsetzung des digitalen Planungswerkzeuges ""Let´s play Klimaanpassung""
						","
							
							UVgONotice
						",,"
							Amt 60 SG 60.1 Stadtentwicklung
						","javascript:openProjectPopup('/VMPCenter/public/company/projectForwarding.do?pid=230526', '230526');"
"
									31.08.2024 ","
                                    16.09.2024 ","
							Digitale Wohnraumberatung mittels Virtual Reality Brille
						","
							
							UVgONotice
						",,"
							Landkreis Potsdam-Mittelmark
						","javascript:openProjectPopup('/VMPCenter/public/company/projectForwarding.do?pid=230717', '230717');"
"
									05.03.2024 ",n.a.,"
							Schnittstelle imprivata
						","
							
							UVgOContract award notice
						",,"
							Sana Kliniken Niederlausitz gGmbH
						","javascript:openProjectPopup('/VMPCenter/public/company/projectForwarding.do?pid=217075', '217075');"
"
									05.03.2024 ",n.a.,"
							Schnittstelle Amor
						","
							
							UVgOContract award notice
						",,"
							Sana Kliniken Niederlausitz gGmbH
						","javascript:openProjectPopup('/VMPCenter/public/company/projectForwarding.do?pid=217078', '217078');"
"
									05.03.2024 ",n.a.,"
							AddOn_epaPSYC
						","
							
							UVgOContract award notice
						",,"
							Sana Kliniken Niederlausitz gGmbH
						","javascript:openProjectPopup('/VMPCenter/public/company/projectForwarding.do?pid=217077', '217077');"
"
									05.03.2024 ",n.a.,"
							KIS-Erweiterung Schnittstellen
						","
							
							UVgOContract award notice
						",,"
							Sana Kliniken Niederlausitz gGmbH
						","javascript:openProjectPopup('/VMPCenter/public/company/projectForwarding.do?pid=217081', '217081');"
"
									05.03.2024 ",n.a.,"
							Fremdprogrammaufruf Recare
						","
							
							UVgOContract award notice
						",,"
							Sana Kliniken Niederlausitz gGmbH
						","javascript:openProjectPopup('/VMPCenter/public/company/projectForwarding.do?pid=217083', '217083');"
"
									18.03.2024 ",n.a.,"
							Lieferung Firewall-HA-Cluster-Systeme
						","
							
							UVgOContract award notice
						",,"
							Stadt Lauchhammer
						","javascript:openProjectPopup('/VMPCenter/public/company/projectForwarding.do?pid=218068', '218068');"
"
									05.03.2024 ",n.a.,"
							Schnittstelle Doctolib
						","
							
							UVgOContract award notice
						",,"
							Sana Kliniken Niederlausitz gGmbH
						","javascript:openProjectPopup('/VMPCenter/public/company/projectForwarding.do?pid=217082', '217082');"
"
									10.06.2024 ",n.a.,"
							Wartungsverlängerung Landeslizenz Software FastViewer
						","
							
							UVgOContract award notice
						",,"
							Brandenburgischer IT-Dienstleister
						","javascript:openProjectPopup('/VMPCenter/public/company/projectForwarding.do?pid=224326', '224326');"
"
									13.06.2024 ",n.a.,"
							Beschaffung der BIM-Management-Software ""Solibri"" für den Neubau Verwaltungsstandort des Landkreis Potsdam-Mittelmark in Beelitz-Heilstätten
						","
							
							UVgOContract award notice
						",,"
							Landkreis Potsdam-Mittelmark
						","javascript:openProjectPopup('/VMPCenter/public/company/projectForwarding.do?pid=224629', '224629');"
"
									14.06.2024 ",n.a.,"
							Austausch der USVen in den Finanzämtern
						","
							
							UVgOContract award notice
						",,"
							Technisches Finanzamt Cottbus
						","javascript:openProjectPopup('/VMPCenter/public/company/projectForwarding.do?pid=224764', '224764');"
"
									08.07.2024 ",n.a.,"
							Personal-/Verwaltungssoftware
						","
							
							UVgOContract award notice
						",,"
							Stiftung Naturschutzfonds Brandenburg, Naturwacht
						","javascript:openProjectPopup('/VMPCenter/public/company/projectForwarding.do?pid=226594', '226594');"
"
									09.07.2024 ",n.a.,"
							Erfassung und Transport von Stimmzetteln für die repräsentative Wahlstatistik
						","
							
							UVgOContract award notice
						",,"
							Amt für Statistik Berlin-Brandenburg
						","javascript:openProjectPopup('/VMPCenter/public/company/projectForwarding.do?pid=226641', '226641');"
"
									25.06.2024 ",n.a.,"
							Beschaffung von Admin-Lizenzen für DOMEA
						","
							
							UVgOContract award notice
						",,"
							Staatskanzlei des Landes Brandenburg
						","javascript:openProjectPopup('/VMPCenter/public/company/projectForwarding.do?pid=225540', '225540');"
"
									16.07.2024 ",n.a.,"
							Migration eines bestehenden Bibliotheksmanagementsystems in das Bibliothekssystem Koha
						","
							
							UVgOContract award notice
						",,"
							Technische Hochschule Wildau
						","javascript:openProjectPopup('/VMPCenter/public/company/projectForwarding.do?pid=227185', '227185');"
"
									22.07.2024 ",n.a.,"
							Software Prozessmanagement
						","
							
							UVgOContract award notice
						",,"
							Gemeinde Schönefeld
						","javascript:openProjectPopup('/VMPCenter/public/company/projectForwarding.do?pid=227635', '227635');"
"
									25.07.2024 ",n.a.,"
							Beschaffung, Hosting und Support für Kita-Verwaltungssystem, Elternportal und Kita-App im Amt Brück
						","
							
							UVgOContract award notice
						",,"
							Amt Brück
						","javascript:openProjectPopup('/VMPCenter/public/company/projectForwarding.do?pid=228043', '228043');"
"
									02.08.2024 ",n.a.,"
							Palliativdokumentation im Orbis
						","
							
							UVgOContract award notice
						",,"
							Klinikum Dahme-Spreewald GmbH
						","javascript:openProjectPopup('/VMPCenter/public/company/projectForwarding.do?pid=228723', '228723');"
"
									02.08.2024 ",n.a.,"
							DATA MASKING (DAMA)
						","
							
							UVgOContract award notice
						",,"
							Klinikum Dahme-Spreewald GmbH
						","javascript:openProjectPopup('/VMPCenter/public/company/projectForwarding.do?pid=228781', '228781');"
"
									21.08.2024 ",n.a.,"
							Software zur Erfassung von Videovorlesungen samt Installation, betriebsbereite Übergabe und Pflege
						","
							
							UVgOContract award notice
						",,"
							Technische Hochschule Wildau
						","javascript:openProjectPopup('/VMPCenter/public/company/projectForwarding.do?pid=230046', '230046');"
"
									21.08.2024 ",n.a.,"
							Aktualisierung der Software für die Schließanlage Cottbus des Amtes für Statistik Berlin-Brandenburg
						","
							
							UVgOContract award notice
						",,"
							Amt für Statistik Berlin-Brandenburg
						","javascript:openProjectPopup('/VMPCenter/public/company/projectForwarding.do?pid=230080', '230080');"
